"LOINC_NUM","COMPONENT","PROPERTY","TIME_ASPCT","SYSTEM","SCALE_TYP","METHOD_TYP","CLASS","SHORTNAME","LONG_COMMON_NAME","RELATEDNAMES2","LinguisticVariantDisplayName"
"50544-6","","","","","","","","","Everolimus [Mass/volume] in Blood","","الإيفيروليمس في الدم ( بتقنية الكتلة / الحجم )"
"51760-7","","","","","","","","","Ehrlichia chaffeensis IgG+IgM Ab [Presence] in Serum or Plasma","","الكشف عن تواجد أضداد الغلوبولين المناعي نمط G و M لبكتيريا إيرليخيا شافينسيس في المصل أو البلازما"
"5351-2","","","","","","","","","Sjogrens syndrome-A extractable nuclear Ab [Presence] in Serum by Immunoassay","","الكشف عن تواجد الأجسام المضادة النووية القابلة للاستخلاص من متلازمة شوغرن-أ في المصل باستخدام تقنية المقايسة المناعية"
"47855-2","","","","","","","","","Fibroblast growth factor 23.C-terminal [Units/volume] in Plasma","","الطرف الكربوكسيلي لعامل نمو الخلايا الليفية 23 في البلازما ( بتقنية الوحدات / الحجم )"
"48598-7","","","","","","","","","BBS2 gene targeted mutation analysis in Blood or Tissue by Molecular genetics method","","تحليل الطفرات المستهدفة لجين BBS2 في الدم أو الأنسجة باستخدام طريقة علم الوراثة الجزيئية"
"53028-7","","","","","","","","","Cyclic citrullinated peptide Ab [Presence] in Serum","","الكشف عن تواجد الأجسام المضادة للببتيد الستيروليني الحلقي CCP"
"53372-9","","","","","","","","","Echovirus IgM Ab [Titer] in Serum","","تحديد كمية أضداد الغلوبولين المناعي نمط M لداء المشوكات في المصل"
"5353-8","","","","","","","","","Sjogrens syndrome-B extractable nuclear Ab [Presence] in Serum by Immunoassay","","الكشف عن تواجد الأجسام المضادة النووية القابلة للاستخلاص من متلازمة شوغرن-ب في مصل الدم باستخدام تقنية المقايسة المناعية"
"54089-8","","","","","","","","","Newborn screening panel American Health Information Community (AHIC)","","لوحة فحص حديثي الولادة حسب جمعية المعلومات الصحية الأمريكية"
"54344-7","","","","","","","","","3-Methoxytyramine [Mass/volume] in 24 hour Urine","","3 ميثوكسي تيرامين ( بتقنية الكتلة / الحجم ) في البول المجمع لمدة 24 ساعة"
"55220-8","","","","","","","","","Asialoglycoprotein receptor Ab [Units/volume] in Serum","","الأجسام المضادة لمستقبلات البروتين السكري الآسيوي ( بتقنية الوحدات / الحجم ) في المصل"
"50039-7","","","","","","","","","5-Methyltetrahydrofolate/Folate in Serum or Plasma","","قياس مستوى الـ 5 - ميثيل تترا هيدروفوليت في المصل أو البلازما"
"50150-2","","","","","","","","","5-Hydroxytryptophan [Moles/volume] in Serum or Plasma","","5 هيدروكسي تريبتوفان ( بتقنية الكتلة / الحجم ) في المصل أو البلازما"
"5132-6","","","","","","","","","DNA single strand Ab [Units/volume] in Serum","","أضداد الحمض النووي أحادي السلسلة في المصل ( بتقنية الوحدات / الحجم )"
"51979-3","","","","","","","","","Donepezil [Mass/volume] in Serum or Plasma","","الدونيبيزيل في المصل أو البلازما ( بتقنية الكتلة / الحجم )"
"5646-5","","","","","","","","","Ethylene glycol [Mass/volume] in Serum, Plasma or Blood","","الإيثيلين غليكول في المصل أو البلازما ( بتقنية الكتلة / الحجم )"
"62369-4","","","","","","","","","FISH probe name panel - Laboratory device","",""
"25303-9","","","","","","","","","Alpha 1 antitrypsin [Mass/mass] in Stool","","ألفا 1 أنتي تريبسين ( بتقنية الكتلة / الحجم ) في البراز"
"26784-9","","","","","","","","","diazePAM [Mass/volume] in Serum or Plasma by Confirmatory method","","الديازيبام في المصل أو البلازما ( بتقنية الكتلة / الحجم )"
"10331-7","","","","","","","","","Rh [Type] in Blood","","فحص تحديد عامل الريزوس"
"108288-2","","","","","","","","","Endomysium IgM Ab [Units/volume] in Serum","","الأجسام المضادة للغلوبولين المناعي نمط M لغشاء الليف الداخلي في المصل ( بتقنية الوحدات / الحجم )"
"21665-5","","","","","","","","","EGFR gene mutations found [Identifier] in Blood or Tissue by Molecular genetics method Nominal","","الكشف عن طفرات جينية في عامل نمو البشرة في الدم أو الأنسجة ( بتقنية الوراثة الجزيئية )"
"21667-1","","","","","","","","","F5 gene mutations found [Identifier] in Blood or Tissue by Molecular genetics method Nominal","","العثور على طفرات جينية في جين F5 في الدم أو الأنسجة ( بتقني علم الوراثة الجزيئية )"
"2178-2","","","","","","","","","Cystine [Mass/volume] in Urine","","السيستين ( بتقنية الكتلة / الحجم ) في البول"
"2232-7","","","","","","","","","EPINEPHrine [Mass/time] in 24 hour Urine","","الإيبينفرين أو الأدرينالين في البول المجمع لمدة 24 ساعة ( بتقنية الكتلة / الحجم )"
"2250-9","","","","","","","","","Estriol (E3).unconjugated [Mass/volume] in Serum or Plasma","","الإستريول E3 الغير مقترن في المصل أو البلازما ( بتقنية الكتلة / الحجم )"
"2283-0","","","","","","","","","Folate [Mass/volume] in Red Blood Cells","","الفوليت أو حمض الفوليك في كريات الدم الحمراء"
"2284-8","","","","","","","","","Folate [Mass/volume] in Serum or Plasma","","الفوليت أو حمض الفوليك في المصل أو البلازما ( بتقنية الكتلة / الحجم )"
"2333-3","","","","","","","","","Gastrin [Mass/volume] in Serum or Plasma","","الغاسترين في المصل أو البلازما ( بتقنية الكتلة / الحجم )"
"14062-4","","","","","","","","","Dexamethasone [Mass/volume] in Serum or Plasma","","الديكساميثازون في المصل أو البلازما ( بتقنية الكتلة / الحجم )"
"14589-6","","","","","","","","","Amylase isoenzymes [Interpretation] in Serum or Plasma","","أنزيمات الأميلاز المتماثلة في المصل أو البلازما"
"1832-5","","","","","","","","","Alpha-1-Fetoprotein [Mass/volume] in Amniotic fluid","","الألفا 1 فيتوبروتين ( بتقنية الكتلة / الحجم ) في السائل الأمنيوسي"
"25343-5","","","","","","","","","Fasciola sp IgG Ab [Units/volume] in Serum","","أضداد الغلوبولين المناعي نمط G لداء المتورقات في المصل ( بتقنية الوحدات / الحجم )"
"29771-3","","","","","","","","","Hemoglobin.gastrointestinal.lower [Presence] in Stool by Immunoassay","","الكشف عن تواجد الهيموغلوبين في الجزء السفلي من الجهاز الهضمي ، في البراز ( بتقنية المقايسة المناعية )"
"30340-4","","","","","","","","","Epstein Barr virus capsid IgM Ab [Presence] in Serum","","الكشف عن تواجد أضداد الغلوبولين المناعي نمط M لغلاف فيروس الإبشتاين بار في المصل"
"31375-9","","","","","","","","","Epstein Barr virus nuclear IgM Ab [Units/volume] in Serum","","تحديد كمية أضداد الغلوبولين المناعي نمط M لفيروس الإبشتاين بار في المصل ( بتقنية الوحدات / الحجم )"
"3193-0","","","","","","","","","Coagulation factor V activity actual/normal in Platelet poor plasma by Coagulation assay","","نشاط عامل التخثر الخامس الفعلي/الطبيعي في بلازما فقيرة بالصفائح الدموية ( بتقنية فحص التخثر )"
"4996-5","","","","","","","","","Cytomegalovirus DNA [Presence] in Blood by NAA with probe detection","","الكشف عن تواجد الحمض النووي للفيروس المضخم للخلايا في الدم ( بتقنية تضخيم الحمض النووي )"
"43311-0","","","","","","","","","Desmoglein 1 Ab [Units/volume] in Serum","","أضداد الديسموغلين 1 في المصل ( بتقنية الوحدات / الحجم )"
"49329-6","","","","","","","","","Interferon alpha Ab [Presence] in Serum or Plasma by Immunoassay","","الكشف عن تواجد أضداد الألفا إنترفيرون في المصل أو البلازما باستخدام تقنية تقنية الإختبار المناعي"
"18262-6","","","","","","","","","Cholesterol in LDL [Mass/volume] in Serum or Plasma by Direct assay","الكوليستيرول المنخفض الكثافة","الكوليستيرول الضار"
"2498-4","","","","","","","","","Iron [Mass/volume] in Serum or Plasma","مستوى الحديد في المصل","مقياس الحديد الآني"
"24373-3","","","","","","","","","Ferritin [Mass/volume] in Blood","مقياس الحديد المخزن في الجسم","مقياس الحديد المخزن في الجسم"
"26474-7","","","","","","","","","Lymphocytes [#/volume] in Blood","الخلايا اللمفاوية","الخلايا اللمفاوية"
"26515-7","","","","","","","","","Platelets [#/volume] in Blood","الصفائح الدموية","الصفائح الدموية"
"3043-7","","","","","","","","","Triglyceride [Mass/volume] in Blood","الدهنيات الثلاثية (الترايغلسيرايد)","الدهنيات الثلاثيه"
"30325-5","","","","","","","","","Cytomegalovirus IgM Ab [Presence] in Serum or Plasma","","الكشف عن تواجد أضداد الغلوبولين المناعي نمط M للفيروس المضخم للخلايا في المصل أو البلازما"
"31499-7","","","","","","","","","Ganglioside GM1 IgG Ab [Units/volume] in Serum","","أضداد الغلوبولين المناعي نمط G للغانغليوزيد GM1 في المصل ( بتقنية الوحدات / الحجم )"
"31627-3","","","","","","","","","Smith extractable nuclear Ab [Presence] in Serum","","الكشف عن تواجد الأجسام المضادة النووية القابلة للإستخلاص من متلازمة سميث في المصل"
"3187-2","","","","","","","","","Coagulation factor IX activity actual/normal in Platelet poor plasma by Coagulation assay","","نشاط عامل التخثر التاسع الفعلي/الطبيعي في بلازما فقيرة بالصفائح الدموية ( بتقنية فحص التخثر )"
"3209-4","","","","","","","","","Coagulation factor VIII activity actual/normal in Platelet poor plasma by Coagulation assay","","نشاط عامل التخثر الثامن الفعلي/الطبيعي في بلازما فقيرة بالصفائح الدموية ( بتقنية فحص التخثر )"
"34228-7","","","","","","","","","Acylcarnitine [Moles/volume] in 24 hour Urine","","الأسيل كارنتين ( بتقنية الكتلة / الحجم ) في البول المجمع لمدة 24 ساعة"
"34405-1","","","","","","","","","Escitalopram [Mass/volume] in Serum or Plasma","","الإسيتالوبرام في المصل أو البلازما ( بتقنية الكتلة / الحجم )"
"34718-7","","","","","","","","","CFTR gene mutations found [Identifier] in Amniotic fluid by Molecular genetics method Nominal","","تحديد هوية الطفرة في جين التليف الكيسي في السائل الأمنيوسي ( بتقنية علم الوراثة الجزيئية )"
"35668-3","","","","","","","","","Gentamicin [Mass/volume] in Serum or Plasma","","الجنتاميسين في المصل أو البلازما ( بتقنية الكتلة / الحجم )"
"3643-4","","","","","","","","","FLUoxetine [Presence] in Serum or Plasma","","الكشف عن تواجد الفلوكستين في المصل أو البلازما"
"38362-0","","","","","","","","","Muscle specific receptor tyrosine kinase Ab [Presence] in Serum","","الكشف عن تواجد الأجسام المضادة للمستقبلات الخاصة بالعضلات ( تيروزين كيناز ) في المصل"
"11580-8","","","","","","","","","Thyrotropin [Units/volume] in Serum or Plasma by Detection limit <= 0.005 mIU/L","الهرمون المحفز دماغيا للغدة الدرقية","الهرمون المحفز للغدة الدرقية"
"38404-0","","","","","","","","","CFTR gene targeted mutation analysis in Blood or Tissue by Molecular genetics method","","تحديد هوية الطفرة في جين التليف الكيسي في الدم أو الأنسجة ( بتقنية علم الوراثة الجزيئية )"
"43439-9","","","","","","","","","Bartonella henselae and Bartonella quintana IgG panel [Titer] - Serum","","تحديد كمية أضداد الغلوبولين المناعي نمط G لبكتيريا بارتونيلا هنسيلاي وبارتونيلا كوينتانا في مصل"
"49086-2","","","","","","","","","First trimester maternal screen with nuchal translucency panel","","فحص الثلث الأول من الحمل باستخدام لوحة قياس الشفافية القفوية"
"4548-4","","","","","","","","","Hemoglobin A1c/Hemoglobin.total in Blood","سكري الدم التراكمي المرتبط بالهيموغلوبين","نسبة سكر الدم التراكمي - بدون صيام"
"1558-6","","","","","","","","","Fasting glucose [Mass/volume] in Serum or Plasma","مستوى سكر الصيام","مستوى السكر الصائم"
"2085-9","","","","","","","","","Cholesterol in HDL [Mass/volume] in Serum or Plasma","الكوليستيرول العالي الكثافة","الكوليستيرول الجيد"
"718-7","","","","","","","","","Hemoglobin [Mass/volume] in Blood","هيموغلوبين ""خضاب"" الدم (قوة الدم)","هيموغلوبين ""خضاب"" الدم (قوة الدم)"
"2093-3","","","","","","","","","Cholesterol [Mass/volume] in Serum or Plasma","قياس مستوى الكوليسترول الكلي","قياس مستوى الكوليسترول الكلي"
"789-8","","","","","","","","","Erythrocytes [#/volume] in Blood by Automated count","عدد كريات الدم الحمراء باستخدام تقنية العد الآلي","عدد كريات الدم الحمراء باستخدام تقنية العد الآلي"
"13943-6","","","","","","","","","Fructose [Presence] in Semen","","الكشف عن تواجد الفركتوز في السائل المنوي"
"63090-5","","","","","","","","","Beta lactoglobulin IgG Ab [Mass/volume] in Serum","","أضداد الغلوبولين المناعي نمط G لبروتين بيتا لاكتوغلوبولين ( بتقنية الكتلة/الحجم ) في المصل"
"53371-1","","","","","","","","","Echovirus IgG Ab [Titer] in Serum","","تحديد كمية أضداد الغلوبولين المناعي نمط G لداء المشوكات في المصل"
"15179-5","","","","","","","","","Fibrin D-dimer [Presence] in Platelet poor plasma","","الكشف عن تواجد الدي دايمر في بلازما فقيرة بالصفائح الدموية"
"17781-6","","","","","","","","","21-Hydroxylase Ab [Units/volume] in Serum","","الكشف عن أضداد الـ 17 هيدروكسيلاز ( بتقنية الوحدات / الحجم ) في البول أو المصل"
"1835-8","","","","","","","","","Alpha-2-Macroglobulin [Mass/volume] in Serum or Plasma","","الألفا 2 ماكروغلوبيولين ( بتقنية الكتلة / الحجم ) في المصل أو البلازما"
"1848-1","","","","","","","","","Androstanolone [Mass/volume] in Serum or Plasma","","الأندروستانولون في المصل أو البلازما ( بتقنية الكتلة / الحجم )"
"24007-7","","","","","","","","","Epstein Barr virus early IgG Ab [Units/volume] in Serum","","تحديد كمية أضداد الغلوبولين المناعي نمط G المبكرة لفيروس الإبشتاين بار في المصل ( بتقنية الوحدات / الحجم )"
"24068-9","","","","","","","","","Beta mannosidase [Enzymatic activity/mass] in Leukocytes","","إنزيم بيتا مانوسيداز ( بتقنية النشاط الإنزيمي/الكتلة ) في كريات الدم البيضاء"
"24326-1","","","","","","","","","Electrolytes 1998 panel - Serum or Plasma","","الكهروليتات أو الشوارد في المصل أو البلازما"
"101936-3","","","","","","","","","Candida albicans DNA [Presence] in Specimen by NAA with probe detection","","الكشف عن وجود الحمض النووي لفطر المبيضات البيضاء في العينة ( بتقنية تضخيم الحمض النووي )"
"10524-7","","","","","","","","","Microscopic observation [Identifier] in Cervix by Cyto stain","","دراسة مجهرية لخلايا عنق الرحم"
"10535-3","","","","","","","","","Digoxin [Mass/volume] in Serum or Plasma","","الديجوكسين فب المصل أو البلازما ( بتقنية الكتلة / الحجم )"
"10663-3","","","","","","","","","Filaria identified in Blood by Thick film","","الكشف عن تواجد الفيلاريا ( الطفيلي المسبب لداء الفيل ) في الدم ( بتقنية اللطاخة الدموية السميكة )"
"11068-4","","","","","","","","","Microscopic observation [Identifier] in Body fluid by Cyto stain","","دراسة مجهرية لخلايا سوائل الجسم"
"15061-5","","","","","","","","","Erythropoietin (EPO) [Units/volume] in Serum or Plasma","","الأريثروبويتين في المصل أو البلازما ( بتقنية الوحدات / الحجم )"
"15069-8","","","","","","","","","Fructosamine [Moles/volume] in Serum or Plasma","","الفركتوز امين في المصل أو البلازما ( بتقنية المولات / الحجم )"
"1657-6","","","","","","","","","11-Deoxycortisol [Mass/volume] in Serum or Plasma","","11 ديوكسي كورتيزول ( بتقنية الكتلة / الحجم ) في المصل أو البلازما"
"1668-3","","","","","","","","","17-Hydroxyprogesterone [Mass/volume] in Serum or Plasma","","17 هيدروكسي بروجسترون ( بتقنية الكتلة / الحجم ) في المصل أو البلازما"
"1690-7","","","","","","","","","5'-Nucleotidase [Enzymatic activity/volume] in Serum or Plasma","","5 نكليوتيدتاز ( بتقنية حجم النشاط الأنزيمي ) في المصل أو البلازما"
"1937-2","","","","","","","","","Beta endorphin [Mass/volume] in Serum or Plasma","","البيتا إندروفين في المصل أو البلازما ( بتقنية الكتلة / االحجم )"
"10362-2","","","","","","","","","Endomysium IgA Ab [Presence] in Serum","","الكشف عن تواجد الأجسام المضادة للغلوبولين المناعي نمط A لغشاء الليف الداخلي في المصل"
"10975-1","","","","","","","","","6-Monoacetylmorphine (6-MAM) [Mass/volume] in Urine","","6 مونوأسيتايل (بآلية الكتلة/الحجم) مورفين في البول"
"11070-0","","","","","","","","","Microscopic observation [Identifier] in Urine by Cyto stain","","دراسة مجهرية لخلايا سوائل الجسم"
"3198-9","","","","","","","","","Coagulation factor VII activity actual/normal in Platelet poor plasma by Coagulation assay","","نشاط عامل التخثر السابع الفعلي/الطبيعي في بلازما فقيرة بالصفائح الدموية ( بتقنية فحص التخثر )"
"20576-5","","","","","","","","","Galactose 1 phosphate uridyl transferase [Presence] in Blood","","الكشف عن تواجد إنزيم الغالاكتوز 1 فوسفات يوريديل ترانز فيراز في الدم"
"21038-5","","","","","","","","","17-Ketosteroids [Mass/volume] in 24 hour Urine","","17 كيتوستيرويد ( بتقنية الكتلة / الحجم ) في البول المجمع لمدة 24 ساعة"
"32620-7","","","","","","","","","Corynebacterium diphtheriae Ab [Presence] in Serum","","الكشف عن تواجد أضداد بكتيريا الوتدية الخناقية في المصل"
"3289-6","","","","","","","","","Prothrombin activity actual/normal in Platelet poor plasma by Coagulation assay","","نشاط البروثرومبين الفعلي/الطبيعي في بلازما فقيرة بالصفائح الدموية ( بتقنية فحص التخثر )"
"33274-2","","","","","","","","","5-Methyltetrahydrofolate [Presence] in Cerebral spinal fluid","","الكشف عن تواجد 5-ميثيل تترا هيدروفوليت في السائل الدماغي الشوكي"
"3389-4","","","","","","","","","Benzodiazepines [Presence] in Serum or Plasma","","الكشف عن تواجد البنزوديازيبينات في المصل أو البلازما"
"3616-0","","","","","","","","","Ethosuximide [Mass/volume] in Serum or Plasma","","الإيثوسكسيميد في المصل أو البلازما ( بتقنية الكتلة / الحجم )"
"22285-1","","","","","","","","","Entamoeba histolytica Ab [Presence] in Serum","","الكشف عن تواجد أضداد الأميبا الحالة للأنسجة في المصل"
"2258-2","","","","","","","","","Estrone (E1) [Mass/volume] in Serum or Plasma","","الإسترون E1 في المصل أو البلازما ( بتقنية الكتلة / الحجم )"
"2276-4","","","","","","","","","Ferritin [Mass/volume] in Serum or Plasma","","مخزون الحديد ( الفيريتين ) في المصل أو البلازما ( بتقنية الكتلة / الحجم )"
"2331-7","","","","","","","","","Gastrin.17 residue fragment [Mass/volume] in Serum or Plasma","","جزء من بقايا الغاسترين 17 في المصل أو البلازما ( بتقنية الكتلة / الحجم )"
"2139-4","","","","","","","","","Corticosterone [Mass/volume] in Serum or Plasma","","الكورتيكوستيرون ( بتقنية الكتلة / الحجم ) في المصل أو البلازما"
"2177-4","","","","","","","","","Cystine [Mass/volume] in Serum or Plasma","","الكشف عن تواجد السيستين في المصل أو البلازما"
"22244-8","","","","","","","","","Cytomegalovirus IgG Ab [Presence] in Serum or Plasma","","الكشف عن تواجد أضداد الغلوبولين المناعي نمط G للفيروس المضخم للخلايا في المصل أو البلازما"
"2306-9","","","","","","","","","Galactose [Presence] in Blood","","الكشف عن وجود الغالاكتوز في الدم"
"25339-3","","","","","","","","","Echinococcus sp Ab [Presence] in Serum","","الكشف عن تواجد أضداد داء المشوكات في المصل"
"25390-6","","","","","","","","","Cytokeratin 19 [Mass/volume] in Serum or Plasma","","السيتوكيراتين 19 ( بتقنية الكتلة / الحجم ) في المصل أو البلازما"
"29263-1","","","","","","","","","Fibrin degradation products [Presence] in Blood by Agglutination","","الكشف عن تواجد نواتج تحلل الفيبرين في الدم ( بتقنية التراص )"
"29676-4","","","","","","","","","Dengue virus IgG Ab [Presence] in Serum","","الكشف عن تواجد أضداد الغلوبولين المناعي من نمط G لفيروس حمى الضنك في مصل الدم"
"30339-6","","","","","","","","","Epstein Barr virus capsid IgG Ab [Presence] in Serum","","الكشف عن تواجد أضداد الغلوبولين المناعي نمط G لغلاف فيروس الإبشتاين بار في المصل"
"30347-9","","","","","","","","","Glutamate decarboxylase 65 Ab [Moles/volume] in Serum","","أضداد الإنزيم دي كاربوكسيلاز غلوتامات 65 في المصل ( بتقنية المولات / الحجم )"
"31337-9","","","","","","","","","Cytotoxic percent reactive Ab [Presence] in Serum","","الكشف عن تواجد الأجسام المضادة التفاعلية السامة للخلايا في المصل"
"32171-1","","","","","","","","","Echinococcus sp IgG Ab [Presence] in Serum","","الكشف عن تواجد أضداد الغلوبولين المناعي نمط G لداء المشوكات في المصل"
"3232-6","","","","","","","","","Coagulation factor XII activity actual/normal in Platelet poor plasma by Coagulation assay","","نشاط عامل التخثر الثاني عشر الفعلي/الطبيعي في بلازما فقيرة بالصفائح الدموية ( بتقنية فحص التخثر )"
"3255-7","","","","","","","","","Fibrinogen [Mass/volume] in Platelet poor plasma by Coagulation assay","","الفيبرينوجين في البلازما الفقيرة بالصفيحات ( بتقنية اختبار التخثر )"
"26673-4","","","","","","","","","Echinococcus granulosus Ab [Presence] in Serum","","الكشف عن تواجد أضداد داء المشوكات الحبيبي في المصل"
"26843-3","","","","","","","","","Cystine [Presence] in 24 hour Urine","","الكشف عن تواجد السيستين في البول المجمع لمدة 24 ساعة"
"31811-3","","","","","","","","","Entamoeba histolytica Ag [Units/volume] in Stool","","مستضدات الأميبا الحالة للأنسجة في البراز ( بتقنية الوحدات / الحجم )"
"57454-1","","","","","","","","","Chromosome 13 aneuploidy in Amniotic fluid or Chorionic villus sample by FISH Nominal","","الكشف عن اختلال الصيغة الصبغية للكروموسوم 13 في عينة من السائل الأمنيوسي أو الزغابات المشيمية ( بتقنية التهجين الفلوري )"
"58379-9","","","","","","","","","fentaNYL+Norfentanyl [Presence] in Urine by Screen method","","الكشف عن تواجد الفنتالين والنورفنتالين في البول ( بتقنية الفحص المسحي )"
"59041-4","","","","","","","","","BRCA1+BRCA2 gene mutations tested for in Blood or Tissue by Molecular genetics method Nominal","","فحص طفرات الجينات BRCA1 و BRCA2 في الدم أو الأنسجة ( بتقنية علم الوراثة الجزيئية )"
"5649-9","","","","","","","","","Fluoride [Mass/volume] in Serum or Plasma","","الفلورايد في المصل أو البلازما ( بتقنية الكتلة / الحجم )"
"69936-3","","","","","","","","","Gardnerella vaginalis DNA [Presence] in Specimen by NAA with probe detection","","الكشف عن تواجد الحمض النووي لبكتيريا غاردنريلا المهبلية في العينات ( بتقنية تحليل الحمض النووي باستخدام المجسات )"
"106785-9","","","","","","","","","Contactin-associated protein 1 Ab [Presence] in Serum by Cell binding immunofluorescent assay","","الكشف عن تواجد الأجسام المضادة للبروتين المرتبط بالكونتاكتين 1 في المصل ( بتقنية التألق المناعي المرتبط بالخلايا )"
"13244-9","","","","","","","","","Filaria IgG Ab [Units/volume] in Serum","","أضداد الغلوبولين المناعي نمط G للفيلاريا ( داء الفيل ) في المصل"
"15066-4","","","","","","","","","Fatty acids.nonesterified [Moles/volume] in Serum or Plasma","","الحموض الدهنية غير المؤسترة في المصل أو البلازما ( بتقنية المولات / الحجم )"
"15067-2","","","","","","","","","Follitropin [Units/volume] in Serum or Plasma","","هرمون الفولتروبين ( FSH = الهرمون المنبه للجريب ) في المصل أو البلازما ( بتقنية الكتلة / الحجم )"
"1704-6","","","","","","","","","Acetoacetate [Presence] in Serum or Plasma","","الكشف عن تواجد الأسيتو أسيتات في المصل أو البلازما"
"1722-8","","","","","","","","","Adenosine deaminase [Enzymatic activity/volume] in Blood","","الأدينوسين دياميناس ( بتقنية حجم النشاط الأنزيمي ) في الدم"
"1825-9","","","","","","","","","Alpha 1 antitrypsin [Mass/volume] in Serum or Plasma","","ألفا 1 أنتي تريبسين ( بتقنية الكتلة / الحجم ) في المصل أو البلازما"
"60073-4","","","","","","","","","Fexofenadine [Mass/volume] in Serum or Plasma","","الفيكسوفينادين في المصل أو البلازما ( بتقنية الكتلة / الحجم )"
"69739-1","","","","","","","","","Drugs of abuse panel - Urine by Screen method","","فحص الكشف عن تعاطي المخدرات في البول ( بتقنية الفحص المسحي )"
"70011-2","","","","","","","","","Enterovirus IgG Ab [Presence] in Serum or Plasma by Immunoassay","","الكشف عن تواجد أضداد الغلوبولين المناعي نمط G لفيروسات الأمعاء في المصل أو البلازما ( بتقنية الفحص المناعي )"
"72608-3","","","","","","","","","Apixaban [Mass/volume] in Serum or Plasma","","الأبيكسابان في المصل أو البلازما ( بتقنية الكتلة / الحجم )"
"74116-5","","","","","","","","","Adalimumab Ab [Mass/volume] in Serum or Plasma","","أضداد الأداليموماب بتقنية ( الكتلة / الحجم ) في المصل أو البلازما"
"75385-5","","","","","","","","","DMD gene deletion and duplication mutation analysis in Blood or Tissue by MLPA","","الكشف عن جين داء ضمور العضلات دوشين في الدم أو الأنسجة ( بنقنية تضخيم المجسات المعتمد على الربط المتعدد )"
"75975-3","","","","","","","","","Fetal Chromosome 13+18+21 trisomy [Presence] based on Plasma cell-free DNA by Dosage of chromosome-specific cfDNA","","الكشف عن تواجد الثالوث الصبغي 13، 18، 21 ، بناء عل الحمض النووي الخالي من الخلايا في البلازما ( بتقنية قياس جرعة الحمض النووي الخالي من الخلايا الخاص بالكروموسوم )"
"63247-1","","","","","","","","","Ganglioside GM1 IgM Ab [Presence] in Serum by Immunoassay","","الكشف عن تواجد أضداد الغلوبولين المناعي نمط M للغانغليوزيد GM1 في المصل ( بتقنية المقايسة المناعية )"
"6765-2","","","","","","","","","17-Hydroxypregnenolone [Mass/volume] in Serum or Plasma","","17 هيدروكسي بريغنينولون ( بتقنية الكتلة / الحجم ) في البول المصل أو البلازما"
"75377-2","","","","","","","","","Dengue virus NS1 Ag [Presence] in Serum, Plasma or Blood by Rapid immunoassay","","الكشف عن مستضد NS1 لفيروس حمى الضنك في المصل أو البلازما أو الدم ( بتقنية الفحص المناعي السريع )"
"78344-9","","","","","","","","","Fatty acid comprehensive (C8-C26) panel - Red Blood Cells","","الفحص الشامل للأحماض الدهنية (C8-C26) في كريات الدم الحمراء"
"2324-2","","","","","","","","","Gamma glutamyl transferase [Enzymatic activity/volume] in Serum or Plasma","","إنزيم الغاما غلوتاميل ترانسفيراز في المصل أو البلازما ( بتقنية النشاط الإنزيمي / الحجم )"
"75980-3","","","","","","","","","Fetal Chromosome 13+18+21+X+Y aneuploidy [Presence] based on Plasma cell-free DNA by Dosage of chromosome-specific cfDNA","","الكشف عن تواجد اختلال الصيغة الصبغية 13، 18، 21 ، X، Y ، بناء عل الحمض النووي الخالي من الخلايا في البلازما ( بتقنية قياس جرعة الحمض النووي الخالي من الخلايا الخاص بالكروموسوم )"
"8076-2","","","","","","","","","Jo-1 extractable nuclear Ab [Presence] in Serum","","الكشف عن تواجد الأجسام المضادة المستخرجة من الـ Jo-1 في المصل"
"82455-7","","","","","","","","","Ganglioside Ab panel - Serum","","مجمل أضداد الغانغليوزيد في المصل"
"77080-0","","","","","","","","","SERPINF1 gene full mutation analysis in Blood or Tissue by Sequencing","","تحليل الطفرات الكاملة لجين SERPINF1 في الدم أو الأنسجة ( بتقنية التسلسل )"
"82246-0","","","","","","","","","Chromosome region 22q11.2 deletion and duplication mutation analysis in Blood or Tissue by FISH","","الكشف عن تواجد طفرات الحذف والتضاعف في المنطقة الكروموسومية 22q11.2 في الدم أو الأنسجة ( بتقنية التهجين الفلوري )"
"84919-0","","","","","","","","","Chromosome 21 aneuploidy [Presence] in Amniotic fluid or Chorionic villus sample by FISH","","الكشف عن اختلال الصيغة الصبغية للكروموسوم 21 في عينة من السائل الأمنيوسي أو الزغابات المشيمية ( بتقنية التهجين الفلوري )"
"85384-6","","","","","","","","","Amisulpride [Mass/volume] in Serum or Plasma","","الأميسولبرايد ( بتقنية الكتلة / الحجم ) في المصل أو البلازما"
"88203-5","","","","","","","","","Dengue virus 1 and 2 and 3 and 4 RNA [Identifier] in Serum or Blood by NAA with probe detection","","تحديد هوية الحمض النووي الريبي لفيروسات حمى الضنك من النوع 1 و2 و3 و4 في المصل أو الدم ( بتقنية تضخيم الحمض النووي )"
"9308-8","","","","","","","","","2,4-Dinitrophenylhydrazine reacting substances [Presence] in Urine","","الكشف عن تواجد 4،2 ثنائي نيتروفينيل هيدرازين في البول"
"96561-6","","","","","","","","","Citrullinated alpha enolase peptide 1 Ab [Units/volume] in Serum by Immunoassay","","أضداد الببتيد ألفا إينولاز 1 السيتروليني ( بتقنية الوحدات / الحجم ) في المصل باستخدام تقنية تقنية الإختبار المناعي"
"96918-8","","","","","","","","","Fodrin alpha subunit IgA Ab [Units/volume] in Serum or Plasma by Immunoassay","","أضداد الغلوبولين المناعي نمط A للوحدة الفرعية التابعة للألفا فوديرين ( بتقنية الوحدات / الحجم ) في المصل أو البلازما باستخدام تقنية الإختبار المناعي"
"9353-4","","","","","","","","","Baclofen [Mass/volume] in Serum or Plasma","","عيار نسبة دواء الباكلوفين ( بتقنية الكتلة / الحجم ) في المصل أو البلازما"
"93840-7","","","","","","","","","Epstein Barr virus DNA [Units/volume] (viral load) in Blood by NAA with probe detection","","قياس كمية الحمض النووي ( الحمل الفيروسي ) لفيروس إبشتاين بار في الدم ( بتقنية تضخيم الحمض النووي )"
"9409-4","","","","","","","","","Anabolic steroids [Identifier] in Urine","","تحدبد نوع المنشطات الستيرويدية في البول"
"94098-1","","","","","","","","","Dense fine speckled 70 protein IgG Ab [Presence] in Serum or Plasma by Immunoassay","","الكشف عن تواجد الأجسام المضادة IgG البروتينية الكثيفة والمنقطية الدقيقة 70 في المصل أو البلازما ( بتقنية المقابسة المناعية )"
"9515-8","","","","","","","","","Diclofenac [Mass/volume] in Serum or Plasma","","اليكلوفيناك في المصل أو البلازما ( بتقنية الكتلة / الحجم )"
"9616-4","","","","","","","","","17-Hydroxyprogesterone [Mass/time] in 24 hour Urine","","17 هيدروكسي بروجسترون ( بتقنية الكتلة / الزمن ) في البول المجمع لمدة 24 ساعة"
"97999-7","","","","","","","","","HLA-DP and DQ and DR (class II) IgG donor specific [Identifier] in Serum or Plasma","","الكشف عن أضداد الغلوبولين المناعي نمط G لمستضدات الكريات البيض ( DP, DQ, DR ) للمتبرع ( الفئة الثانية )"
"21037-7","","","","","","","","","17-Hydroxypregnenolone [Mass/time] in 24 hour Urine","","17 هيدروكسي بريغنينولون ( بتقنية الكتلة / الزمن ) في البول المجمع لمدة 24 ساعة"
"21198-7","","","","","","","","","Choriogonadotropin.beta subunit [Units/volume] in Serum or Plasma","","هرمون موجهة الغدد التناسلية المشيمية البشرية بيتا في المصل أو البلازما ( بتقنية الوحدات / الحجم )"
"21247-2","","","","","","","","","DMD gene mutations found [Identifier] in Blood or Tissue by Molecular genetics method Nominal","","الكشف عن تواجد طفرة ضمور العضلات دوشين في الدم أو الأنسجة ( بتقنية الوراثة الجزيئية )"
"2243-4","","","","","","","","","Estradiol (E2) [Mass/volume] in Serum or Plasma","","الإستراديول ( بتقنية الكتلة / الحجم ) في المصل أو البلازما"
"3218-5","","","","","","","","","Coagulation factor X activity actual/normal in Platelet poor plasma by Coagulation assay","","نشاط عامل التخثر العاشر الفعلي/الطبيعي في بلازما فقيرة بالصفائح الدموية ( بتقنية فحص التخثر )"
"3226-8","","","","","","","","","Coagulation factor XI activity actual/normal in Platelet poor plasma by Coagulation assay","","نشاط عامل التخثر الحادي عشر الفعلي/الطبيعي في بلازما فقيرة بالصفائح الدموية ( بتقنية فحص التخثر )"
"32769-2","","","","","","","","","Alpha 1 antitrypsin phenotype [Interpretation] in Serum or Plasma","","النمط الظاهري للألفا 1 أنتي تريبسين في المصل أو البلازما"
"3312-6","","","","","","","","","ALPRAZolam [Mass/volume] in Serum or Plasma","","الألبرازولام "" الكساناكس "" ( بتقنية الكتلة / الحجم ) في المصل أو البلازما"
"3237-5","","","","","","","","","Coagulation factor XIII activated [Units/volume] in Platelet poor plasma by Coagulation assay","","نشاط عامل التخثر الثالث عشر الفعلي/الطبيعي في بلازما فقيرة بالصفائح الدموية ( بتقنية فحص التخثر )"
"32621-5","","","","","","","","","HLA-DR [Presence]","","الكشف عن تواجد مستضد الكريات البيضاء البشرية نمط DR"
"33422-7","","","","","","","","","Amphiphysin Ab [Presence] in Serum","","الكشف عن تواجد أضداد الأمففسين في المصل"
"33718-8","","","","","","","","","Cytology report of Tissue fine needle aspirate Cyto stain","","دراسة الخلايا لخزعة بالإبرة الدقيقة للأنسجة"
"33863-2","","","","","","","","","Cystatin C [Mass/volume] in Serum or Plasma","","السيستاتين سي ( بتقنية الكتلة / الحجم ) في المصل أو البلازما"
"3659-0","","","","","","","","","Furosemide [Mass/volume] in Serum or Plasma","","الفوروسيميد في المصل أو البلازما ( بتقنية الكتلة / الحجم )"
"3780-4","","","","","","","","","Methamphetamine [Mass/volume] in Urine","","الميتامفيتامين ( الكتلة / الحجم ) في البول"
"3457-9","","","","","","","","","chlordiazePOXIDE [Mass/volume] in Serum or Plasma","","الكلورديازيبوكسيد في المصل أو البلازما ( بتقنية الكتلة/الحجم )"
"35173-4","","","","","","","","","Eicosapentaenoate (C20:5w3) [Moles/volume] in Serum or Plasma","","حمض الإيكوسابنتانيوك (C20:5w3) في لمصل أو البلازما ( بتقنية المولات / الحجم )"
"35180-9","","","","","","","","","Docosapentaenate (C22:5w3) [Moles/volume] in Serum or Plasma","","حمض الدوكوسابنتاينويك (C22:5w3) في المصل أو البلازما ( بتقنية الكتلة / الحجم )"
"3520-4","","","","","","","","","cycloSPORINE [Mass/volume] in Blood","","السيكلوسبورين ( بتقنية الكتلة / الحجم ) في الدم"
"3628-5","","","","","","","","","Fecal Immunochemical Testing Method (FIT)","","تقنية فحص المناعة الكيميائية للبراز ( FIT )"
"39554-1","","","","","","","","","Endomysium IgG Ab [Presence] in Serum","","الكشف عن تواجد الأجسام المضادة للغلوبولين المناعي نمط G لغشاء الليف الداخلي في المصل"
"41091-0","","","","","","","","","MEFV gene mutations found [Identifier] in Blood or Tissue by Molecular genetics method Nominal","","الكشف عن طفرة الجين المسبب لحمى البحر الأبيض المتوسط العائلية في الدم أو الأنسجة ( بتقنية الوراثة الجزيئية )"
"41171-0","","","","","","","","","Collagen crosslinked C-telopeptide [Mass/volume] in Serum or Plasma","","الببتيد الطرفي الكربوكسيلي المتشابك مع الكولاجين ( بتقنية الكتلة/الحجم ) في المصل أو البلازما"
"41107-4","","","","","","","","","FMR1 gene mutations found [Identifier] in Blood or Tissue by Molecular genetics method Nominal","","الكشف عن تواجد طفرات في جين FMR1 في الدم أو الأنسجة ( بتقنية الوراثة الجزيئية )"
"46737-3","","","","","","","","","Galactosemias newborn screen interpretation","","فحص حديثي الولادة لكشف فرط الغالاكتوز ( الغالاغتوسيميا )"
"43312-8","","","","","","","","","Desmoglein 3 Ab [Units/volume] in Serum","","أضداد الديسموغلين 3 في المصل ( بتقنية الوحدات / الحجم )"
"46769-6","","","","","","","","","Cystic fibrosis newborn screen interpretation","","الكشف عن التليف الكيسي ( بتقنية فحص حديثي الولادة )"
"47828-9","","","","","","","","","Adiponectin [Mass/volume] in Serum or Plasma","","الأديبونكتين ( بتقنية الكتلة / الحجم ) في المصل أو البلازما"
"49502-8","","","","","","","","","Glucose-6-Phosphate dehydrogenase [Entitic Catalytic Activity] in Blood","","نشاط الإنزيم النازع للهيدروجين غلوكوز 6 فوسفات في الدم ( بتقنية تحفيز النشاط الكلي )"
"5130-0","","","","","","","","","DNA double strand Ab [Units/volume] in Serum","","أضداد الحمض النووي ثنائي السلسلة في المصل ( بتقنية الوحدات / الحجم )"
"51867-0","","","","","","","","","t(9;22)(q34.1;q11)(ABL1,BCR) fusion transcript in Blood or Tissue by FISH","","الكشف عن النسخة الجينية المندمجة t(9;22) (q34.1;q11) (ABL1,BCR) في الدم أو الأنسجة باستخدام تقنية التهجين الفلوري"
"51980-1","","","","","","","","","Glomerular basement membrane Ab [Mass/volume] in Serum","","أضداد الغشاء القاعدي الكبيبي في المصل ( بتقمية الكتلة / الحجم )"
"5640-8","","","","","","","","","Ethanol [Mass/volume] in Blood","","الإيثانول في المصل أو البلازما ( بتقنية الكتلة / الحجم )"
"57453-3","","","","","","","","","Chromosome 18 aneuploidy in Amniotic fluid or Chorionic villus sample by FISH Nominal","","الكشف عن اختلال الصيغة الصبغية للكروموسوم 18 في عينة من السائل الأمنيوسي أو الزغابات المشيمية ( بتقنية التهجين الفلوري )"
"58415-1","","","","","","","","","BRAF gene p.Val600Glu [Presence] in Tissue by Molecular genetics method","","الكشف عن وجود طفرة p.Val600Glu في جين BRAF في الأنسجة باستخدام طريقة علم الوراثة الجزيئية"
"58769-1","","","","","","","","","Trisomy 13 risk [Likelihood] in Fetus","","الكشف عن احتمالية خطر إصابة الجنين بالتثلث الصبغي 13"
"70009-6","","","","","","","","","Enterovirus IgM Ab [Presence] in Serum or Plasma by Immunoassay","","الكشف عن تواجد أضداد الغلوبولين المناعي نمط M لفيروسات الأمعاء في المصل أو البلازما ( بتقنية الفحص المناعي )"
"74094-4","","","","","","","","","Gliclazide [Mass/volume] in Serum or Plasma","","الجليكلازيد في المصل أو البلازما ( بتقنية الكتلة / الحجم )"
"74117-3","","","","","","","","","Adalimumab [Mass/volume] in Serum or Plasma","","الأداليموماب ( بتقنية الكتلة / الحجم ) في المصل أو البلازما"
"75223-8","","","","","","","","","Dengue virus IgG and IgM [Identifier] in Serum, Plasma or Blood by Rapid immunoassay","","الكشف عن تواجد أضداد الغلوبولين المناعي من نمط G و M لفيروس حمى الضنك في المصل أو البلازما أو الدم (بتقنية الفحص المناعي السريع)"
"76474-6","","","","","","","","","Ghrelin [Mass/volume] in Serum or Plasma","","هرمون الغريلين "" هرمون الجوع "" في المصل أو البلازما ( بتقنية الكتلة / الحجم )"
"7847-7","","","","","","","","","Taenia solium larva IgG Ab [Presence] in Serum","","الكشف عن تواجد أضداد الغلوبولين المناعي نمط G ليرقة الدودة الشريطية الوحيدة في المصل"
"7888-1","","","","","","","","","Francisella tularensis Ab [Presence] in Serum","","الكشف عن تواجد أضداد بكتيريا الفرنسيسلا التولارية في المصل"
"82979-6","","","","","","","","","Contactin-associated protein 2 IgG Ab [Presence] in Serum or Plasma by Immunofluorescence","","الكشف عن تواجد أضداد الغلوبولين المناعي نمط G للبروتين المرتبط بالكونتاكتين 2 ( بتقنية التألق المناعي )"
"9416-9","","","","","","","","","Acyclovir [Mass/volume] in Serum or Plasma","","الأسيكلوفير ( بتقنية الكتلة / الحجم ) في المصل أو البلازما"
"9428-4","","","","","","","","","Benzodiazepines [Mass/volume] in Urine","","البنزوديازيبينات ( بتقنية الكتلة / الحجم ) في البول"
"96985-7","","","","","","","","","Sex [Type] in Products of Conception by Molecular genetics method","","تحديد نوع جنس الجنين في نواتج الحمل ( بتقنية الوراثة الجزيئية )"
"9738-6","","","","","","","","","Gabapentin [Mass/volume] in Serum, Plasma or Blood","","الغابابنتين في المصل أو البلازما أو الدم ( بتقنية الكتلة / الحجم )"
"1003-3","","","","","","","","","Indirect antiglobulin test.complement specific reagent [Presence] in Serum or Plasma","اختبار كومبس الغير مباشر","اختبار كومبس الغير مباشر"
"11475-1","","","","","","","","","Microorganism identified in Specimen by Culture","تحديد نوع البكتيريا "" الجرثوم "" عن طريق زراعة العينة","تحديد نوع البكتيريا "" الجرثوم "" عن طريق زراعة العينة"
"12480-0","","","","","","","","","Angiotensin converting enzyme [Enzymatic activity/volume] in Cerebral spinal fluid","الأنزيم المحول للأنجيوتنسين في السائل الدماغي الشوكي","الأنزيم المحول للأنجيوتنسين في السائل الدماغي الشوكي"
"12949-4","","","","","","","","","Transferrin.carbohydrate deficient [Mass/volume] in Serum or Plasma","ترانسفيرين ناقص الكربوهيدرات","ترانسفيرين ناقص الكربوهيدرات"
"14232-3","","","","","","","","","Adrenal Ab [Presence] in Serum","أضداد الغدة الكظرية","أضداد الغدة الكظرية"
"1761-6","","","","","","","","","Aldolase [Enzymatic activity/volume] in Serum or Plasma","أنزيم الألدولاز","أنزيم الألدولاز"
"1952-1","","","","","","","","","Beta-2-Microglobulin [Mass/volume] in Serum or Plasma","بيتا 2 ميكروغلوبيولين","بيتا 2 ميكروغلوبيولين"
"1977-8","","","","","","","","","Bilirubin.total [Presence] in Urine","البيليروبين الكلي","البيليروبين الكلي"
"2013-1","","","","","","","","","Cancer Ag 50 [Presence] in Serum or Plasma","المؤشر السرطاني 50","الواسم "" المؤشر "" "" المستضد "" السرطاني 50"
"2039-6","","","","","","","","","Carcinoembryonic Ag [Mass/volume] in Serum or Plasma","المؤشر السرطاني CEA","الواسم "" المؤشر "" السرطاني CEA"
"2057-8","","","","","","","","","Catecholamines [Mass/volume] in Urine","الكاتيكولامينات الكلية","الكاتيكولامينات الكلية"
"10338-2","","","","","","","","","Barbiturates [Mass/volume] in Serum or Plasma","الباربيتورات","الباربيتورات"
"12468-5","","","","","","","","","Amino acids [Identifier] in Serum or Plasma","تحديد كمية الحموض الأمينية","تحديد كمية الحموض الأمينية"
"13550-9","","","","","","","","","clonazePAM [Presence] in Serum or Plasma","قياس مستوى الكلونازيبام "" الريفوتريل ""","قياس مستوى الكلونازيبام "" الريفوتريل """
"13903-0","","","","","","","","","Vasopressin [Mass/volume] in Urine","الهرمون المضاد لإدرارالبول","الهرمون المضاد لإدرارالبول "" الفاسوبريسين ، ADH """
"13960-0","","","","","","","","","Coproporphyrin [Presence] in 24 hour Urine","قياس مستوى الكوبروبورفيرين في البول","قياس مستوى الكوبروبورفيرين في البول"
"1763-2","","","","","","","","","Aldosterone [Mass/volume] in Serum or Plasma","الألدوستيرون في المصل","الألدوستيرون في المصل"
"17861-6","","","","","","","","","Calcium [Mass/volume] in Serum or Plasma","قياس مستوى الكالسيوم","قياس مستوى الكالسيوم"
"1963-8","","","","","","","","","Bicarbonate [Moles/volume] in Serum or Plasma","قياس مستوى البايكاربونات","قياس مستوى البايكاربونات"
"1992-7","","","","","","","","","Calcitonin [Mass/volume] in Serum or Plasma","هرمون الكالسيتونين","هرمون الكالسيتونين"
"2007-3","","","","","","","","","Cancer Ag 15-3 [Presence] in Serum or Plasma","المؤشر السرطاني 3-15","الواسم "" المؤشر "" "" المستضد "" السرطاني 3-15"
"20420-6","","","","","","","","","Prostatic acid phosphatase [Mass/volume] in Serum","أنزيم الفوسفاتاز الحمضي البروستاتي","أنزيم الفوسفاتاز الحمضي البروستاتي"
"20622-7","","","","","","","","","Cortisol [Mass/volume] in 24 hour Urine","قياس مستوى الكورتيزول الكلي في البول","قياس مستوى الكورتيزول الكلي في البول"
"2072-7","","","","","","","","","Chloride [Moles/volume] in Body fluid","قياس مستوى الكلوريد بسوائل البدن","قياس مستوى الكلوريد بسوائل البدن"
"1007-4","","","","","","","","","Direct antiglobulin test.polyspecific reagent [Presence] on Red Blood Cells","اختبار كومبس المباشر","اختبار كومبس المباشر"
"102042-9","","","","","","","","","Lung cancer panel","المجموعة الشاملة لأنواع السرطان في الرئة","المجموعة الشاملة لأنواع السرطان في الرئة"
"10365-5","","","","","","","","","Cotinine [Mass/volume] in Serum or Plasma","قياس مستوى الكوتينين","قياس مستوى الكوتينين"
"106057-3","","","","","","","","","Beta-Amyloid 1-42 and 1-40 panel - Cerebral spinal fluid","بيتا أميلويد 40-1 & 42-1","بيتا أميلويد 40-1 & 42-1"
"104537-6","","","","","","","","","Creatine, guanidinoacetate and creatinine panel - Serum or Plasma","مجموعة اضطراب الكرياتين "" كرياتين ، كرياتينين ، غوانيدينوأسيتات ""","مجموعة اضطراب الكرياتين "" كرياتين ، كرياتينين ، غوانيدينوأسيتات """
"12363-8","","","","","","","","","carBAMazepine [Presence] in Urine","الكاربامازبين "" التيغريتول "" في البول","الكاربامازبين "" التيغريتول "" في البول"
"12556-7","","","","","","","","","Copper [Mass/volume] in Blood","قياس مستوى النحاس","قياس مستوى النحاس"
"12805-8","","","","","","","","","Alkaline phosphatase isoenzyme [Units/volume] in Serum or Plasma","الأنزيمات المتماثلة للفوسفاتاز القلوية","الأنزيمات المتماثلة للفوسفاتاز القلوية"
"13500-4","","","","","","","","","Amino acid pattern [Interpretation] in Serum or Plasma","تحديد كمية الحموض الأمينية","تحديد كمية الحموض الأمينية"
"14683-7","","","","","","","","","Creatinine [Moles/volume] in Urine","قياس مستوى الكرياتينين في البول","قياس مستوى الكرياتينين في البول"
"1715-2","","","","","","","","","Acid phosphatase [Enzymatic activity/volume] in Serum or Plasma","أنزيم الفوسفاتاز الحمضي الكلي","أنزيم الفوسفاتاز الحمضي الكلي"
"17863-2","","","","","","","","","Calcium.ionized [Mass/volume] in Serum or Plasma","قياس مستوى الكالسيوم المتأين","قياس مستوى الكالسيوم المتأين"
"1869-7","","","","","","","","","Apolipoprotein A-I [Mass/volume] in Serum or Plasma","البروتين الدهني A1","البروتين الدهني A1"
"18860-7","","","","","","","","","Amikacin [Susceptibility]","قياس مستوى الأميكاسين ( مضاد حيوي)","قياس مستوى الأميكاسين"
"1986-9","","","","","","","","","C peptide [Mass/volume] in Serum or Plasma","قياس مستوى الببتيد سي "" الببتيد الرابط ""","قياس مستوى الببتيد سي "" الببتيد الرابط """
"2006-5","","","","","","","","","Cancer Ag 125 [Presence] in Serum or Plasma","المؤشر السرطاني 125","الواسم "" المؤشر "" "" المستضد "" السرطاني 125"
"2009-9","","","","","","","","","Cancer Ag 19-9 [Presence] in Serum or Plasma","المؤشر السرطاني 9-19","الواسم "" المؤشر "" "" المستضد "" السرطاني 9-19"
"2042-0","","","","","","","","","Carnitine free (C0) [Presence] in Serum or Plasma","الكارنيتين الحر","الكارنيتين الحر"
"2064-4","","","","","","","","","Ceruloplasmin [Mass/volume] in Serum or Plasma","السيرولوبلازمين","السيرولوبلازمين"
"2075-0","","","","","","","","","Chloride [Moles/volume] in Serum or Plasma","قياس مستوى الكلوريد بالمصل","قياس مستوى الكلوريد بالمصل"
"2099-0","","","","","","","","","Cholinesterase [Enzymatic activity/volume] in Red Blood Cells","قياس مستوى أنزيم الكولينيستراز في كريات الدم الحمراء","قياس مستوى أنزيم الكولينيستراز في كريات الدم الحمراء"
"106864-2","","","","","","","","","Coxsackievirus IgG Ab [Units/volume] in Serum by Immunoassay","أضداد الغلوبولين المناعي نوع G لفيروس كوكساكي","أضداد الغلوبولين المناعي نوع G لفيروس كوكساكي"
"14251-3","","","","","","","","","Mitochondria M2 IgG Ab [Units/volume] in Serum","الأجسام المضادة للميتوكوندريا (M2)","الأجسام المضادة للميتوكوندريا (M2)"
"16137-2","","","","","","","","","Centromere Ab [Presence] in Serum","أضداد القُسَيمُ المركزي "" السينترومير ""","أضداد القُسَيمُ المركزي "" السينترومير """
"1742-6","","","","","","","","","Alanine aminotransferase [Enzymatic activity/volume] in Serum or Plasma","الأنزيم الناقل لأمين الألانين","الأنزيم الناقل لأمين الألانين"
"1751-7","","","","","","","","","Albumin [Mass/volume] in Serum or Plasma","بروتين الألبومين","الألبومين"
"1765-7","","","","","","","","","Aldosterone [Mass/time] in 24 hour Urine","الألدوستيرون في البول","الألدوستيرون في البول"
"1839-0","","","","","","","","","Ammonia [Moles/volume] in Blood","قياس مستوى الأمونيا","قياس مستوى الأمونيا"
"1854-9","","","","","","","","","Androstenedione [Mass/volume] in Serum or Plasma","هرمون الأندروستينيديون","هرمون الأندروستينيديون"
"1884-6","","","","","","","","","Apolipoprotein B [Mass/volume] in Serum or Plasma","البروتين الدهني B","البروتين الدهني B"
"1920-8","","","","","","","","","Aspartate aminotransferase [Enzymatic activity/volume] in Serum or Plasma","الأنزيم الناقل لأمين الأسبارتات","الأنزيم الناقل لأمين الأسبارتات"
"1971-1","","","","","","","","","Bilirubin.indirect [Mass/volume] in Serum or Plasma","قياس مستوى البيليروبين الغيرمباشر","قياس مستوى البيليروبين الغيرمباشر"
"1984-4","","","","","","","","","Bromide [Mass/volume] in Serum or Plasma","قياس مستوى البروميد","قياس مستوى البروميد"
"2015-6","","","","","","","","","Cancer Ag 72-4 [Presence] in Serum or Plasma","المؤشر السرطاني 4-72","الواسم "" المؤشر "" "" المستضد "" السرطاني 4-72"
"2053-7","","","","","","","","","Carotene [Mass/volume] in Serum or Plasma","بيتا كاروتين","بيتا كاروتين"
"21194-6","","","","","","","","","Chloride [Moles/volume] in 24 hour Urine","قياس مستوى الكلوريد بالبول","قياس مستوى الكلوريد بالبول"
"21219-1","","","","","","","","","Copper [Mass/volume] in 24 hour Urine","قياس مستوى النحاس في البول","قياس مستوى النحاس في البول"
"2141-0","","","","","","","","","Corticotropin [Mass/volume] in Plasma","الهرمون المُوَجِه للغدة الكظرية","الهرمون الموجه للغدة الكظرية"
"2142-8","","","","","","","","","Cortisol [Mass/volume] in Saliva (oral fluid)","قياس مستوى الكورتيزول الكلي في اللعاب","قياس مستوى الكورتيزول الكلي في اللعاب"
"2076-8","","","","","","","","","Chloride [Moles/mass] in Stool","الكلوريد بالبراز","الكلوريد بالبراز"
"2082-6","","","","","","","","","Cholestanol [Mass/volume] in Serum or Plasma","قياس مستوى الكوليستانول","قياس مستوى الكوليستانول"
"2110-5","","","","","","","","","Choriogonadotropin.beta subunit [Presence] in Serum or Plasma","هرمون موجهة الغدد التناسلية المشيمية الوحدة الفرعية ب","هرمون موجهة الغدد التناسلية المشيمية الوحدة الفرعية ب"
"21129-2","","","","","","","","","Cadmium [Mass/volume] in Serum or Plasma","قياس مستوى الكادميوم","قياس مستوى الكادميوم"
"21233-2","","","","","","","","","Cryptosporidium sp Ag [Presence] in Stool","الكشف عن خفية الأبواغ في البراز","الكشف عن خفية الأبواغ في البراز"
"2128-7","","","","","","","","","Citrate [Mass/volume] in Urine","السترات أو حمض الستريك في عينة البول","السترات أو حمض الستريك في عينة البول"
"22159-8","","","","","","","","","Brucella sp Ab [Titer] in Serum","عيار الأضداد الكلية للبروسيلا","عيار الأضداد الكلية للبروسيلا"
"24397-2","","","","","","","","","Brucella sp IgM Ab [Presence] in Serum","أضداد الغلوبولين المناعي نوع M للبروسيلا","أضداد الغلوبولين المناعي نوع M للبروسيلا"
"2464-6","","","","","","","","","IgG [Mass/volume] in Cerebral spinal fluid","مؤشر أضداد الغلوبولين المناعي نمط G للسائل الدماغي الشوكي","مؤشر أضداد الغلوبولين المناعي نمط G للسائل الدماغي الشوكي"
"29276-3","","","","","","","","","Calcium [Presence] in Urine","الكالسيوم في البول","الكالسيوم في البول"
"30131-7","","","","","","","","","Complement total hemolytic CH50 [Mass/volume] in Serum or Plasma","النشاط الإنحلالي للمتمم ( المكمل)","النشاط الإنحلالي للمتمم (المكمل)"
"31729-7","","","","","","","","","Bladder tumor Ag [Presence] in Urine","مستضد ورم المثانة","مستضد ورم المثانة"
"32161-2","","","","","","","","","Catecholamines [Presence] in 24 hour Urine","الكاتيكولامينات (الأدرينالين ، النورأدرينالين ، الدوبامين) في البول","الكاتيكولامينات (الأدرينالين ، النورأدرينالين ، الدوبامين) في البول"
"32362-6","","","","","","","","","BK virus DNA [Presence] in Serum or Plasma by NAA with probe detection","الكشف عن فيروس الـ BK باستخدام تقنية التفاعل التسلسلي للبوليميراز","الكشف عن فيروس الـ BK باستخدام تقنية التفاعل التسلسلي للبوليميراز"
"21054-2","","","","","","","","","Adenovirus IgM Ab [Presence] in Serum","أضداد الغلوبولين المناعي نمط M للفيروس الغدي","أضداد الغلوبولين المناعي نمط M للفيروس الغدي"
"22175-4","","","","","","","","","Chlamydophila psittaci Ab [Presence] in Serum","أضداد الكلاميديا الببغائية","أضداد الكلاميديا المتدثرة الببغائية"
"26636-1","","","","","","","","","Candida sp Ab [Presence] in Serum","أضداد الغلوبولينات المناعية للمبيضات "" الكانديدا ""","أضداد الغلوبولينات المناعية للمبيضات "" الكانديدا """
"30212-5","","","","","","","","","Coxiella burnetii IgG Ab [Presence] in Serum","أضداد الغلوبولين المناعي نوع G للكوكسيلا البورنيتية "" حمى Q ""","أضداد الغلوبولين المناعي نوع G للكوكسيلا البورنيتية "" حمى Q """
"30522-7","","","","","","","","","C reactive protein [Mass/volume] in Serum or Plasma by High sensitivity method","البروتين المتفاعل سي "" عالي الحساسية ""","البروتين المتفاعل سي "" عالي الحساسية """
"3175-7","","","","","","","","","Antithrombin Ag [Units/volume] in Platelet poor plasma by Immunoassay","مضاد الثرومبين الثالث ( مثبط للتجلط)","مضاد الثرومبين الثالث"
"32281-8","","","","","","","","","Carnitine free (C0)/Carnitine.total in Serum or Plasma","نسبة الكارنيتين الحر على الكارنيتين الكلي في البول","نسبة الكارنيتين الحر على الكارنيتين الكلي في البول"
"3297-9","","","","","","","","","Acetaminophen [Presence] in Serum or Plasma","الباراستمول (دواء الباراسيتامول)","الأسيتامينوفين "" الباراستمول """
"3330-8","","","","","","","","","Amiodarone [Mass/volume] in Serum or Plasma","قياس مستوى الأميودارون "" الكورديرون ""","الأميودارون ( بتقنية الكتلة / الحجم ) في المصل أو البلازما"
"33774-1","","","","","","","","","Karyotype [Identifier] in Chorionic villus sample Nominal","تحديد النمط النووي للكروموسومات في عينة الزغابات المشيمية","تحديد النمط النووي للكروموسومات في عينة الزغابات المشيمية"
"33893-9","","","","","","","","","Karyotype [Identifier] in Bone marrow Nominal","تحديد النمط النووي للكروموسومات في نقي العظم","تحديد النمط النووي للكروموسومات في نقي العظم"
"33979-6","","","","","","","","","Voltage-gated calcium channel N type binding Ab [Moles/volume] in Serum","أضداد قناة الكالسيوم نوع N","أضداد قناة الكالسيوم نوع N"
"33980-4","","","","","","","","","Voltage-gated calcium channel P/Q type binding Ab [Moles/volume] in Serum","أضداد قناة الكالسيوم نوع P\Q","أضداد قناة الكالسيوم نوع P\Q"
"24386-5","","","","","","","","","Cardiolipin IgM Ab [Presence] in Serum by Immunoassay","أضداد الغلوبولين المناعي نوع M للكارديوليبين","أضداد الغلوبولين المناعي نوع M للكارديوليبين"
"24396-4","","","","","","","","","Brucella sp IgG Ab [Presence] in Serum","أضداد الغلوبولين المناعي نوع G للبروسيلا","أضداد الغلوبولين المناعي نوع G للبروسيلا"
"27183-3","","","","","","","","","Cardiolipin IgG Ab [Presence] in Serum","أضداد الغلوبولين المناعي نوع G للكارديوليبين","أضداد الغلوبولين المناعي نوع G للكارديوليبين"
"2742-5","","","","","","","","","Angiotensin converting enzyme [Enzymatic activity/volume] in Serum or Plasma","الأنزيم المحول للأنجيوتنسين","الأنزيم المحول للأنجيوتنسين"
"29512-1","","","","","","","","","Beta hydroxybutyrate [Mass/volume] in Serum or Plasma","حمض البيتا هيدروكسي بيوتيرات","حمض البيتا هيدروكسي بيوتيرات"
"29770-5","","","","","","","","","Karyotype [Identifier] in Blood or Tissue Nominal","تحديد النمط النووي للكروموسومات في الدم المحيطي","تحديد النمط النووي للكروموسومات في الدم المحيطي"
"30213-3","","","","","","","","","Coxiella burnetii IgM Ab [Presence] in Serum","أضداد الغلوبولين المناعي نوع M للكوكسيلا البورنيتية "" حمى Q ""","أضداد الغلوبولين المناعي نوع M للكوكسيلا البورنيتية "" حمى Q """
"30934-4","","","","","","","","","Natriuretic peptide B [Mass/volume] in Serum or Plasma","الببتيد الدماغي المدر للصوديوم","الببتيد الدماغي المدر للصوديوم"
"3094-0","","","","","","","","","Urea nitrogen [Mass/volume] in Serum or Plasma","قياس مستوى نتروجين يوريا الدم","قياس مستوى نتروجين يوريا الدم"
"31152-2","","","","","","","","","Immunoglobulin light chains [Presence] in 24 hour Urine","الكشف عن تواجد سلاسل خفيفة من الغلوبولين المناعي في البول","الكشف عن تواجد سلاسل خفيفة من الغلوبولين المناعي في البول"
"31157-1","","","","","","","","","Carboxyhemoglobin [Mass/volume] in Blood","الهيموغلوبين الكربوكسي","الخضاب "" الهيموغلوبين "" الكربوكسي"
"31788-3","","","","","","","","","Cryptococcus sp Ag [Presence] in Cerebral spinal fluid","تحري مستضد المستخفية المورمة","تحري مستضد المستخفية المورمة"
"2127-9","","","","","","","","","Citrate [Mass/volume] in Serum or Plasma","حمض الستريك","حمض الستريك"
"2157-6","","","","","","","","","Creatine kinase [Enzymatic activity/volume] in Serum or Plasma","أنزيم الكرياتين فوسفوكيناز","أنزيم الكرياتين فوسفوكيناز"
"2200-4","","","","","","","","","Delta aminolevulinate [Mass/time] in 24 hour Urine","قياس مستوى حمض أمينوليفولينيك، بول 24 ساعة","قياس مستوى حمض أمينوليفولينيك، بول 24 ساعة"
"2230-1","","","","","","","","","EPINEPHrine [Mass/volume] in Plasma","هرمون الأدرينالين","هرمون الأدرينالين "" الإيبينفرين """
"2335-8","","","","","","","","","Hemoglobin.gastrointestinal [Presence] in Stool","الكشف عن الدم الخفي في البراز","الكشف عن الدم الخفي في البراز"
"23831-1","","","","","","","","","Bordetella pertussis.pertussis toxin IgG Ab [Units/volume] in Serum","أضداد الغلوبولين المناعي من نوع G لسم السعال الديكي","أضداد الغلوبولين المناعي من نوع G لسم السعال الديكي"
"24004-4","","","","","","","","","Chlamydophila pneumoniae IgM Ab [Presence] in Serum","أضداد الغلوبولين المناعي نوع M للكلاميديا الرئوية","أضداد الغلوبولين المناعي نوع M للكلاميديا "" المتدثرة "" الرئوية"
"30112-7","","","","","","","","","Amphetamine [Mass/volume] in Serum or Plasma","قياس مستوى الأمفيتامين","قياس مستوى الأمفيتامين"
"31711-5","","","","","","","","","Adenovirus Ag [Presence] in Stool","الكشف عن الفيروس الغدي في البراز","الكشف عن الفيروس الغدي في البراز"
"32134-9","","","","","","","","","Adenovirus+Rotavirus [Identifier] in Stool","الكشف عن الفيروس الغدي والفيروسة العَجلية "" في البراز","الكشف عن الفيروس الغدي والفيروسة العَجلية "" في البراز"
"33461-5","","","","","","","","","Candida albicans Ab [Presence] in Cerebral spinal fluid","الأجسام المضادة للمبيضة البيضاء "" الكانديدا البيضاء "" في السائل الدماغي الشوكي","الأجسام المضادة للمبيضة البيضاء "" الكانديدا البيضاء "" في السائل الدماغي الشوكي"
"3397-7","","","","","","","","","Cocaine [Presence] in Urine","قياس مستوى الكوكائيين","قياس مستوى الكوكائيين"
"34635-3","","","","","","","","","Citalopram [Mass/volume] in Serum or Plasma","قياس مستوى السيتالوبرام","قياس مستوى السيتالوبرام"
"3495-9","","","","","","","","","cloNIDine [Mass/volume] in Serum or Plasma","قياس مستوى الكولونيدين","قياس مستوى الكولونيدين"
"41157-9","","","","","","","","","Chlamydia trachomatis IgM Ab [Presence] in Serum","أضداد الغلوبولين المناعي نوع M للكلاميديا الحثرية","أضداد الغلوبولين المناعي نوع M للكلاميديا "" المتدثرة "" الحثرية"
"43102-3","","","","","","","","","Neuronal nuclear type 3 Ab [Presence] in Serum","الجسم المضاد النووي العصبي النمط 3","الجسم المضاد النووي العصبي النمط 3"
"43821-8","","","","","","","","","Amylase [Presence] in 24 hour Urine","الكشف عن تواجد أنزيم الأميلاز في البول","الكشف عن تواجد أنزيم الأميلاز في البول"
"43848-1","","","","","","","","","Chlamydia trachomatis IgG Ab [Presence] in Serum","أضداد الغلوبولين المناعي نوع G للكلاميديا الحثرية","أضداد الغلوبولين المناعي نوع G للكلاميديا "" المتدثرة "" الحثرية"
"43877-0","","","","","","","","","Bile acid [Presence] in Serum","الكشف عن تواجد الحموض الصفراوية في المصل","الكشف عن تواجد الحموض الصفراوية في المصل"
"4477-6","","","","","","","","","Complement C1 esterase inhibitor [Mass/volume] in Serum or Plasma","مثبط أنزيم الإستريز C1","مثبط أنزيم الإستريز C1"
"4484-2","","","","","","","","","Complement C2 [Mass/volume] in Serum or Plasma","المتمم C2","المتمم C2"
"4485-9","","","","","","","","","Complement C3 [Mass/volume] in Serum or Plasma","المتمم C3","المتمم C3"
"44981-9","","","","","","","","","Chlamydophila pneumoniae IgG Ab [Presence] in Serum","الكشف عن تواجد أضداد الغلوبولين المناعي نوع G للكلاميدوفيلا الرئوية","الكشف عن تواجد أضداد الغلوبولين المناعي نوع G للكلاميدوفيلا الرئوية"
"4498-2","","","","","","","","","Complement C4 [Mass/volume] in Serum or Plasma","المتمم C4","المتمم C4"
"4508-8","","","","","","","","","Complement C7 [Mass/volume] in Serum or Plasma","المتمم C7","المتمم C7"
"4510-4","","","","","","","","","Complement C9 [Mass/volume] in Serum or Plasma","المتمم C9","المتمم C9"
"46718-3","","","","","","","","","Aquaporin 4 water channel IgG Ab [Presence] in Cerebral spinal fluid","الكشف عن تواجد أضداد الغلوبولين المناعي نمط G للأكوابورين 4 في القناة المائية","الكشف عن تواجد أضداد الغلوبولين المناعي نمط G للأكوابورين 4 في القناة المائية"
"48591-2","","","","","","","","","Activated protein C resistance [Interpretation] in Platelet poor plasma","مقاومة البروتين المنشط سي الوظيفي","مقاومة البروتين المنشط سي الوظيفي "" العامل الخامس لايدن """
"50189-0","","","","","","","","","Neonatal bilirubin panel [Mass/volume] - Serum or Plasma","مجموعة البيليروبين عند حديثي الولادة","مجموعة البيليروبين عند حديثي الولادة"
"31993-9","","","","","","","","","Alpha-1-Fetoprotein [Presence] in Serum or Plasma","الألفا فيتوبروتين "" AFP ""","الألفا فيتوبروتين "" AFP """
"33773-3","","","","","","","","","Karyotype [Identifier] in Amniotic fluid Nominal","تحديد النمط النووي للكروموسومات في السائل الأمنيوسي","تحديد النمط النووي للكروموسومات في السائل الأمنيوسي"
"3422-3","","","","","","","","","Caffeine [Mass/volume] in Serum or Plasma","قياس مستوى الكافئيين","قياس مستوى الكافئيين"
"3431-4","","","","","","","","","carBAMazepine [Presence] in Serum or Plasma","الكاربامازبين "" التيغريتول "" في المصل","الكاربامازبين "" التيغريتول "" في المصل"
"34555-3","","","","","","","","","Creatinine 24H renal clearance panel","تصفية الكرياتينين في البول","تصفية الكرياتينين في البول"
"34711-2","","","","","","","","","Cholinesterase [Presence] in Serum or Plasma","قياس مستوى أنزيم الكولينيستراز","قياس مستوى أنزيم الكولينيستراز"
"3487-6","","","","","","","","","cloBAZam [Mass/volume] in Serum or Plasma","قياس مستوى الكلوبازام","قياس مستوى الكلوبازام"
"35383-9","","","","","","","","","Galactomannan Ag [Units/volume] in Serum or Plasma","الكشف عن مستضد الغالاكتومانان لفطر الرشاشيات","الكشف عن مستضد الغالاكتومانان لفطر الرشاشيات"
"40607-4","","","","","","","","","Ascaris lumbricoides IgG Ab [Units/volume] in Serum by Immunoassay","أضداد الغلوبولين المناعي نمط G للأسكاريس","أضداد الغلوبولين المناعي نمط G للأسكاريس "" دودة الصفر أو دودة البطن الخراطينية """
"42803-7","","","","","","","","","Bacteria identified in Isolate","تحديد نوع البكتيريا بعد عزلها "" الجرثوم ""","تحديد نوع البكتيريا بعد عزلها "" الجرثوم """
"43914-1","","","","","","","","","Beta 2 glycoprotein 1 IgG Ab [Presence] in Serum","أضداد الغلوبولين المناعي نمط G للبيتا 2 غليكوبروتين 1","أضداد الغلوبولين المناعي نمط G للبيتا 2 غليكوبروتين 1"
"43916-6","","","","","","","","","Beta 2 glycoprotein 1 IgM Ab [Presence] in Serum","أضداد الغلوبولين المناعي نمط M للبيتا 2 غليكوبروتين 1","أضداد الغلوبولين المناعي نمط M للبيتا 2 غليكوبروتين 1"
"45005-6","","","","","","","","","Chlamydia trachomatis IgA Ab [Presence] in Serum","الكشف عن تواجد أضداد الغلوبولين المناعي نوع A للكلاميديا الحثرية","الكشف عن تواجد أضداد الغلوبولين المناعي نوع A للكلاميديا الحثرية"
"4519-5","","","","","","","","","Complement factor H [Mass/volume] in Serum or Plasma","متمم العامل H","متمم العامل H"
"50619-6","","","","","","","","","Karyotype [Identifier] in Blood or Tissue Narrative","تحديد النمط النووي للكروموسومات في الدم أو في الأنسجة","تحديد النمط النووي للكروموسومات في الدم أو في الأنسجة"
"51987-6","","","","","","","","","Coenzyme Q10 [Presence] in Serum or Plasma","الكشف عن تواجد تميم الأنزيم Q10","الكشف عن تواجد تميم الأنزيم Q10"
"52750-7","","","","","","","","","Activated protein C resistance [Presence] in Platelet poor plasma by Coagulation assay","الكشف عن مقاومة البروتين المنشط سي في صفيحات البلازما الفقيرة باستخدام تقنية التخثر","الكشف عن مقاومة البروتين المنشط سي "" العامل الخامس لايدن "" في صفيحات البلازما الفقيرة باستخدام تقنية التخثر"
"53962-7","","","","","","","","","Alpha-1-fetoprotein.tumor marker [Mass/volume] in Serum or Plasma","الألفا فيتوبروتين AFP "" كمؤشر سرطاني ""","الألفا فيتوبروتين AFP "" كواسم سرطاني """
"55248-9","","","","","","","","","HBB gene c.79G>A [Presence] in Blood by Molecular genetics method","بيتا ثالاسيميا (22 طفرة) باستخدام تقنية التفاعل التسلسلي للبوليميراز ( الدم، السائل الأمنيوسي، المشيمة)","بيتا ثالاسيميا (22 طفرة) باستخدام تقنية التفاعل التسلسلي للبوليميراز ( الدم، السائل الأمنيوسي، المشيمة)"
"5567-3","","","","","","","","","Acetone [Presence] in Serum or Plasma","الكشف عن تواجد الأسيتون في البلازما","الكشف عن تواجد الأسيتون "" الكيتون ، الخلون "" في البلازما"
"5574-9","","","","","","","","","Aluminum [Mass/volume] in Serum or Plasma","الكشف عن تواجد الألومنيوم في المصل أو البلازما","الكشف عن تواجد الألومنيوم في المصل أو البلازما"
"5585-5","","","","","","","","","Arsenic [Mass/volume] in Serum or Plasma","قياس مستوى الزرنيخ","قياس مستوى الزرنيخ"
"56150-6","","","","","","","","","Candida albicans IgM Ab [Units/volume] in Serum","أضداد الغلوبولين المناعي نوع M للمبيضات البيضاء "" الكانديدا ""","أضداد الغلوبولين المناعي نوع M للمبيضات البيضاء "" الكانديدا """
"5631-7","","","","","","","","","Copper [Mass/volume] in Serum or Plasma","قياس مستوى النحاس","قياس مستوى النحاس"
"6328-9","","","","","","","","","Brucella sp Ab [Titer] in Serum by Immunofluorescence","تحديد كمية أضداد البروسيلا بطريقة باستخدام تقنية المناعة الفلورية","تحديد كمية أضداد البروسيلا بطريقة باستخدام تقنية المناعة الفلورية"
"65364-2","","","","","","","","","Cortisol Free/Cortisol.total in Serum or Plasma","قياس مستوى الكورتيزول الكلي والحر","قياس مستوى الكورتيزول الكلي والحر"
"6768-6","","","","","","","","","Alkaline phosphatase [Enzymatic activity/volume] in Serum or Plasma","أنزيم الفوسفاتاز القلوية","أنزيم الفوسفاتاز القلوية"
"70012-0","","","","","","","","","Coxsackievirus IgM Ab [Presence] in Serum or Plasma by Immunoassay","الكشف عن تواجد أضداد الغلوبولين المناعي نوع M لفيروس كوكساكي باستخدام تقنية المقايسة المناعية","الكشف عن تواجد أضداد الغلوبولين المناعي نوع M لفيروس كوكساكي باستخدام تقنية المقايسة المناعية"
"48498-0","","","","","","","","","Amyloid A [Mass/volume] in Serum or Plasma","قياس مستوى الأمايلويد A","قياس مستوى الأمايلويد A"
"50612-1","","","","","","","","","Chlamydophila pneumoniae IgA and IgG and IgM [Interpretation] in Serum","أضداد الغلوبولين المناعي نوع G و M للكلاميدوفيلا الرئوية","أضداد الغلوبولين المناعي نوع G و M للكلاميدوفيلا "" المتدثرة "" الرئوية"
"5117-7","","","","","","","","","Cryoglobulin [Presence] in Serum","الكشف عن تواجد الكريوغلوبولينات "" غلوبولينات البرد ""","الكشف عن تواجد الكريوغلوبولينات "" غلوبولينات البرد """
"51453-9","","","","","","","","","Coxsackievirus A9+B1+B2+B3+B4+B5+B6 Ab [Titer] in Serum","تحديد كمية أضداد فيروس كوكساكي (A9+B1+B2+B3+B4+B5+B6 )","تحديد كمية أضداد فيروس كوكساكي (A9+B1+B2+B3+B4+B5+B6 )"
"51539-5","","","","","","","","","Candida albicans IgG Ab [Presence] in Serum","الكشف عن تواجد أضداد الغلوبولين المناعي نوع G للمبيضات البيضاء "" الكانديدا ""","الكشف عن تواجد أضداد الغلوبولين المناعي نوع G للمبيضات البيضاء "" الكانديدا """
"55394-1","","","","","","","","","Protein and Glucose panel - Cerebral spinal fluid","قياس مجوعة البروتين والسكر في السائل الدماغي الشوكي","قياس مجوعة البروتين والسكر في السائل الدماغي الشوكي"
"56151-4","","","","","","","","","Candida albicans IgA Ab [Units/volume] in Serum","أضداد الغلوبولين المناعي نوع A للمبيضات البيضاء "" الكانديدا ""","أضداد الغلوبولين المناعي نوع A للمبيضات البيضاء "" الكانديدا """
"5616-8","","","","","","","","","Cesium [Mass/volume] in Serum or Plasma","مستوى السيزيوم","مستوى السيزيوم"
"5627-5","","","","","","","","","Cobalt [Mass/volume] in Serum or Plasma","قياس مستوى الكوبالت","قياس مستوى الكوبالت"
"5632-5","","","","","","","","","Copper [Mass/volume] in Urine","قياس مستوى النحاس في البول","قياس مستوى النحاس في البول"
"58450-8","","","","","","","","","Bilirubin [Presence] in Urine by Confirmatory method","الكشف عن تواجد البيليروبين الكلي في البول","الكشف عن تواجد البيليروبين الكلي في البول"
"58933-3","","","","","","","","","Endothelial cell Ab [Presence] in Serum or Plasma by Immunofluorescence","الكشف عن وجود أضداد الخلايا البطانية باستخدام تقنية المناعة الفلوية","الكشف عن وجود أضداد الخلايا البطانية باستخدام تقنية المناعة الفلوية"
"59343-4","","","","","","","","","Tadalafil [Mass/volume] in Serum or Plasma","السياليس "" التادالافيل ""","السياليس "" التادالافيل """
"6359-4","","","","","","","","","Clostridioides difficile toxin A [Units/volume] in Stool by Immunoassay","الكشف عن سم البكلوستريديوم ديفيسيل A في البراز باستخدام تقنية المقايسة المناعية","الكشف عن سم البكلوستريديوم ديفيسيل A في البراز باستخدام تقنية المقايسة المناعية"
"6706-6","","","","","","","","","buPROPion [Mass/volume] in Serum or Plasma","البوبروبيون "" الويلبوترين ""","البوبروبيون "" الويلبوترين """
"32672-8","","","","","","","","","Cold agglutinin [Presence] in Serum or Plasma","فحص التراص البارد","فحص التراص البارد"
"34557-9","","","","","","","","","Cell count and Differential panel - Body fluid","فحص سوائل البدن, عد الخلايا وتحديد نوعها","فحص سوائل البدن, عد الخلايا وتحديد نوعها"
"38445-3","","","","","","","","","Calprotectin [Mass/mass] in Stool","قياس كمية الكالبروتيكتن في البراز","قياس كمية الكالبروتيكتن في البراز"
"43091-8","","","","","","","","","Ascaris sp Ab [Titer] in Serum","تحديد كمية الأجسام المضادة للأسكاريس","تحديد كمية الأجسام المضادة للأسكاريس"
"43638-6","","","","","","","","","Aquaporin 4 water channel IgG Ab [Presence] in Serum or Plasma","أضداد الغلوبولين المناعي نمط G للأكوابورين 4","أضداد الغلوبولين المناعي نمط G للأكوابورين 4"
"43715-2","","","","","","","","","Acylcarnitine [Presence] in Blood","الكشف عن تواجد الأسيل كارنتين في الدم","الكشف عن تواجد الأسيل كارنتين في الدم"
"43716-0","","","","","","","","","Acylcarnitine [Presence] in Urine","الكشف عن تواجد الأسيل كارنتين في البول","الكشف عن تواجد الأسيل كارنتين في البول"
"43816-8","","","","","","","","","Amylase [Presence] in Body fluid","الكشف عن أنزيم الأميلاز في سوائل البدن","الكشف عن أنزيم الأميلاز في سوائل البدن"
"43889-5","","","","","","","","","Bile acid [Presence] in Urine","الكشف عن تواجد الحموض الصفراوية في البول","الكشف عن تواجد الحموض الصفراوية في البول"
"4505-4","","","","","","","","","Complement C5 [Mass/volume] in Serum or Plasma","المتمم C5","المتمم C5"
"46174-9","","","","","","","","","Borrelia burgdorferi IgA Ab [Units/volume] in Serum","تحديد كمية أضداد الغلوبلين المناعي نمط A للبوريليا بورغدورفيري","تحديد كمية أضداد الغلوبلين المناعي نمط A للبوريليا بورغدورفيري"
"49222-3","","","","","","","","","Food allergen panel - Serum","الكشف عن نوع الطعام المسبب للتحسس","الكشف عن نوع الطعام المسبب للتحسس"
"49927-7","","","","","","","","","Amylase in fluid/Amylase in serum","أنزيم الأميلاز في المصل وسوائل الجسم","أنزيم الأميلاز في المصل وسوائل الجسم"
"51818-3","","","","","","","","","Coxsackievirus B IgM Ab [Units/volume] in Serum by Immunoassay","أضداد الغلوبولين المناعي نوع M لفيروس كوكساكي باستخدام تقنية المقايسة المناعية","أضداد الغلوبولين المناعي نوع M لفيروس كوكساكي باستخدام تقنية المقايسة المناعية"
"5589-7","","","","","","","","","Barium [Mass/volume] in Serum or Plasma","قياس مستوى الباريوم","قياس مستوى الباريوم"
"38482-6","","","","","","","","","Creatine kinase.MB [Presence] in Serum or Plasma","أنزيم الكرياتين كيناز","أنزيم الكرياتين كيناز"
"41162-9","","","","","","","","","Adenovirus IgG Ab [Presence] in Serum","أضداد الغلوبولين المناعي نمط G للفيروس الغدي","أضداد الغلوبولين المناعي نمط G للفيروس الغدي"
"43126-2","","","","","","","","","Cortisol.free panel - 24 hour Urine","قياس مستوى الكورتيزول الحر في البول","قياس مستوى الكورتيزول الحر في البول"
"43131-2","","","","","","","","","Bacterial Ag panel - Cerebral spinal fluid","اختبار اللاتكس "" التراص "" البكتيري للسائل الدماغي الشوكي","اختبار اللاتكس "" التراص "" البكتيري للسائل الدماغي الشوكي"
"43625-3","","","","","","","","","Acetylcholine receptor Ab [Presence] in Serum","الكشف عن أضداد مستقبلات الأستيل كولين","الكشف عن أضداد مستقبلات الأستيل كولين"
"4478-4","","","","","","","","","Complement C1q [Mass/volume] in Serum or Plasma","مكون المكمل C1Q","مكون المكمل C1Q"
"44982-7","","","","","","","","","Chlamydophila pneumoniae IgA Ab [Presence] in Serum","الكشف عن تواجد أضداد الغلوبولين المناعي نوع A للكلاميدوفيلا الرئوية","الكشف عن تواجد أضداد الغلوبولين المناعي نوع A للكلاميدوفيلا الرئوية"
"4509-6","","","","","","","","","Complement C8 [Mass/volume] in Serum or Plasma","المتمم C8","المتمم C8"
"50995-0","","","","","","","","","BRCA1+BRCA2 gene targeted mutation analysis in Blood or Tissue by Molecular genetics method","فحص جينات الـ BRCA1 و BRCA2 في الدم أو في الأنسجة","فحص جينات الـ BRCA1 و BRCA2 في الدم أو في الأنسجة"
"5129-2","","","","","","","","","Deoxyribonuclease Ab [Units/volume] in Serum","مضاد أنزيم الديوكسي ريبونوكلياز","مضاد أنزيم الديوكسي ريبونوكلياز"
"51817-5","","","","","","","","","Coxsackievirus B IgG Ab [Units/volume] in Serum by Immunoassay","أضداد الغلوبولين المناعي نوع G لفيروس كوكساكي باستخدام تقنية المقايسة المناعية","أضداد الغلوبولين المناعي نوع G لفيروس كوكساكي باستخدام تقنية المقايسة المناعية"
"5227-4","","","","","","","","","Streptococcal hyaluronidase Ab [Presence] in Serum","الكشف عن تواجد أضداد الهيالورونيداز للمكورات العقدية","الكشف عن تواجد أضداد الهيالورونيداز للمكورات العقدية"
"54020-3","","","","","","","","","Actin.filamentous Ab [Presence] in Serum or Plasma","الكشف عن تواجد أضداد الأكتين الخيطي","الكشف عن تواجد أضداد الأكتين الخيطي"
"5580-6","","","","","","","","","Antimony [Mass/volume] in Serum or Plasma","قياس مستوى الأنتيمون","قياس مستوى الأنتيمون "" الإثمد """
"5607-7","","","","","","","","","Boron [Mass/volume] in Serum or Plasma","قياس مستوى البورون","قياس مستوى البورون"
"5622-6","","","","","","","","","Chromium [Mass/volume] in Serum or Plasma","قياس مستوى الكروميوم","قياس مستوى الكروميوم"
"5912-1","","","","","","","","","Creatine kinase isoenzymes [Interpretation] in Serum or Plasma","الأنزيمات المتماثلة للكرياتين كيناز","الأنزيمات المتماثلة للكرياتين كيناز"
"637-9","","","","","","","","","Plasmodium sp identified in Blood by Thick film","الكشف عن البلازموديوم "" طفيلي الملاريا"" في شريحة الدم السميكة","الكشف عن البلازموديوم "" طفيلي الملاريا"" في شريحة الدم السميكة"
"6687-8","","","","","","","","","Citrate [Mass/time] in 24 hour Urine","السترات أو حمض الستريك في البول المجمع لمدة 24 ساعة","السترات أو حمض الستريك في البول المجمع لمدة 24 ساعة"
"6896-5","","","","","","","","","cloZAPine [Mass/volume] in Serum or Plasma","قياس مستوى الكلوزابين","قياس مستوى الكلوزابين"
"77084-2","","","","","","","","","ALPL gene full mutation analysis in Blood or Tissue by Sequencing","تحليل الطفرة الكاملة لجين ALPL في الدم أو الأنسجة باستخدام تقنية التفاعل التسلسلي للبوليميراز","تحليل الطفرة الكاملة لجين ALPL في الدم أو الأنسجة باستخدام تقنية التفاعل التسلسلي للبوليميراز"
"8058-0","","","","","","","","","Acetylcholine receptor Ab [Units/volume] in Serum","تحديد كمية أضداد مستقبلات الأستيل كولين","تحديد كمية أضداد مستقبلات الأستيل كولين"
"8061-4","","","","","","","","","Nuclear Ab [Presence] in Serum","أضداد النوى","أضداد النوى"
"88555-8","","","","","","","","","Galactomannan Ag [Presence] in Bronchoalveolar lavage","الكشف عن تواجد مستضد الغالاكتومانان لفطر الرشاشيات في سائل الشعب الهوائية","الكشف عن تواجد مستضد الغالاكتومانان لفطر الرشاشيات في سائل الشعب الهوائية"
"88581-4","","","","","","","","","Borrelia sp DNA [Identifier] in Cerebral spinal fluid by NAA with probe detection","الكشف عن البوريليا في السائل الماغي الشوكي باستخدام تقنية التفاعل التسلسلي للبوليميراز","الكشف عن البوريليا في السائل الماغي الشوكي باستخدام تقنية التفاعل التسلسلي للبوليميراز"
"90925-9","","","","","","","","","HBB gene full mutation analysis in Amniotic fluid or Chorionic villus sample by Sequencing","تحليل الطفرة الكاملة لجين الـ HBB في عينة السائل الأمنيوسي أو الزغابات المشيمية باستخدام تقنية التفاعل التسلسلي للبوليميراز","تحليل الطفرة الكاملة لجين الـ HBB في عينة السائل الأمنيوسي أو الزغابات المشيمية باستخدام تقنية التفاعل التسلسلي للبوليميراز"
"94505-5","","","","","","","","","SARS-CoV-2 (COVID-19) IgG Ab [Units/volume] in Serum or Plasma by Immunoassay","أضداد الغلوبولين المناعي نوع G لفيروس الكورونا "" كوفيد 19 "" باستخدام تقنية المقايسة المناعية","أضداد الغلوبولين المناعي نوع G لفيروس الكورونا "" كوفيد 19 "" باستخدام تقنية المقايسة المناعية"
"9811-1","","","","","","","","","Chromogranin A [Mass/volume] in Serum or Plasma","الكروموغرانين A","الكروموغرانين A"
"7817-0","","","","","","","","","Borrelia burgdorferi IgG Ab [Units/volume] in Serum","أضداد الغلوبلين المناعي نمط G للبوريليا بورغدورفيري","أضداد الغلوبلين المناعي نمط G للبوريليا بورغدورفيري"
"7818-8","","","","","","","","","Borrelia burgdorferi IgM Ab [Units/volume] in Serum","أضداد الغلوبلين المناعي نمط M للبوريليا بورغدورفيري","أضداد الغلوبلين المناعي نمط M للبوريليا بورغدورفيري"
"80981-4","","","","","","","","","N,N-dimethylarginine [Mass/volume] in Serum or Plasma","ثنائي ميثيل أرجينين","ثنائي ميثيل أرجينين"
"888-8","","","","","","","","","Blood group antibodies identified in Serum or Plasma","تحديد نوع الأجسام المضادة","تحديد نوع الأجسام المضادة"
"91869-8","","","","","","","","","Bordetella pertussis DNA [Presence] in Throat by NAA with probe detection","الكشف عن بوردتيلا السعال الديكي باستخدام تقنية التفاعل التسلسلي للبوليميراز","الكشف عن بوردتيلا السعال الديكي باستخدام تقنية التفاعل التسلسلي للبوليميراز"
"97758-7","","","","","","","","","Fungus and Mycobacterium sp identified in Blood by Organism specific culture","الزراعة بشروط خاصة للكشف عن العصيات السلية أو الفطور","الزراعة بشروط خاصة للكشف عن العصيات السلية أو الفطور"
"5594-7","","","","","","","","","Beryllium [Mass/volume] in Serum or Plasma","قياس مستوى البيريليوم","قياس مستوى البيريليوم"
"59787-2","","","","","","","","","Catecholamines [Moles/volume] in Plasma","الكاتيكولامينات مجزأة (الأدرينالين ، النورأدرينالين ، الدوبامين) في البلازما","الكاتيكولامينات مجزأة (الأدرينالين ، النورأدرينالين ، الدوبامين) في البلازما"
"59826-8","","","","","","","","","Creatinine [Moles/volume] in Blood","قياس مستوى الكرياتينين في الدم","قياس مستوى الكرياتينين في الدم"
"60522-0","","","","","","","","","Borrelia hermsii IgG+IgM Ab [Presence] in Serum","الكشف عن تواجد الغلوبولينات المناعية نمط G و M للبوريليا هيرمسي","الكشف عن تواجد الغلوبولينات المناعية نمط G و M للبوريليا هيرمسي"
"61222-6","","","","","","","","","Aspergillus sp IgE Ab/IgE total in Serum","الأضداد الكلية للرشاشيات","الأضداد الكلية للرشاشيات"
"6357-8","","","","","","","","","Chlamydia trachomatis DNA [Presence] in Urine by NAA with probe detection","الكلاميديا الحثرية بطريقة التفاعل التسلسلي للبوليميراز","الكلاميديا "" المتدثرة "" الحثرية بطريقة التفاعل التسلسلي للبوليميراز"
"69742-5","","","","","","","","","CBC W Differential panel, method unspecified - Blood","تعداد الدم الكلي وتعداد أنواع كريات الدم البيضاء","تعداد الدم الكلي وتعداد أنواع كريات الدم البيضاء"
"7492-2","","","","","","","","","Multiple inhalant allergen IgE Ab [Units/volume] in Serum","الكشف عن نوع المادة المستنشقة المسببة للتحسس بالإعتماد على الغلوبولين المناعي نمط E","الكشف عن نوع المادة المستنشقة المسببة للتحسس بالإعتماد على الغلوبولين المناعي نمط E"
"78987-5","","","","","","","","","Provasopressin.C-terminal [Moles/volume] in Serum or Plasma by Immunoassay","البروفاسوبريسين باستخدام تقنية المقايسة المناعية","البروفاسوبريسين باستخدام تقنية المقايسة المناعية"
"882-1","","","","","","","","","ABO and Rh group [Type] in Blood","الزمرة الدموية والعامل الرايزوسي","الزمرة الدموية والعامل الرايزوسي"
"94593-1","","","","","","","","","Multiplex allergen panel - Serum or Plasma","الكشف عن نوع المادة المسببة للتحسس عند الأطفال ( 26 نوع ) بالإعتماد على الغلوبولين المناعي نمط E","الكشف عن نوع المادة المسببة للتحسس عند الأطفال ( 26 نوع ) بالإعتماد على الغلوبولين المناعي نمط E"
"9655-2","","","","","","","","","Campylobacter jejuni Ab [Titer] in Serum","عيار أضداد الغلوبولين المناعي من نمط G و M للكامبيلوباكتر إنتيستينالس والجيجوني","عيار أضداد الغلوبولين المناعي من نمط G و M للكامبيلوباكتر إنتيستينالس "" بكتيريا العطيفة "" والجيجوني "" بكتيريا العطيفة الصائمية """
"97097-0","","","","","","","","","SARS-CoV-2 (COVID-19) Ag [Presence] in Upper respiratory specimen by Rapid immunoassay","الكشف عن فيروس الكورونا باستخدام تقنية المقايسة المناعية السريعة","الكشف عن فيروس الكورونا باستخدام تقنية المقايسة المناعية السريعة"
"98069-8","","","","","","","","","SARS-CoV-2 (COVID-19) Ab [Presence] in Saliva (oral fluid) by Rapid immunoassay","الكشف عن فيروس الكورونا باستخدام تقنية المقايسة المناعية السريعة","الكشف عن فيروس الكورونا باستخدام تقنية المقايسة المناعية السريعة"
"68931-5","","","","","","","","","Catecholamines Free [Mass/volume] in 24 hour Urine","الكاتيكولامين الحر","الكاتيكولامين الحر"
"73157-0","","","","","","","","","Rosuvastatin induced platelet IgG Ab [Presence] in Serum or Plasma by Flow cytometry (FC)","الكشف عن تواجد الإلوبولين المناعي نمط G للصصفائح الدموية المحفزة بالروزوفاستتين باستخدام تقنية قياس التدفق الخلوي","الكشف عن تواجد الإلوبولين المناعي نمط G للصصفائح الدموية المحفزة بالروزوفاستتين باستخدام تقنية قياس التدفق الخلوي"
"75217-0","","","","","","","","","Biotinidase [Enzymatic activity/volume] in DBS","قياس كمية البيوتينيداز","قياس كمية البيوتينيداز"
"77164-2","","","","","","","","","Karyotype [Identifier] in Products of Conception Nominal","تحديد النمط النووي للكروموسومات في منتجات الحمل","تحديد النمط النووي للكروموسومات في منتجات الحمل"
"77347-3","","","","","","","","","Beta-2 transferrin panel - Serum or Plasma and CSF","بيتا 2 ترانسفيرين أو بروتين بيتا التتبعي","بيتا 2 ترانسفيرين أو بروتين بيتا التتبعي"
"787-2","","","","","","","","","MCV [Entitic mean volume] in Red Blood Cells by Automated count","حجم الكرية الرئيسية في الكريات الحمراء باستخدام تقنية العد الآلي","حجم الكرية الرئيسية في الكريات الحمراء باستخدام تقنية العد الآلي"
"8161-2","","","","","","","","","Bismuth [Mass/volume] in Blood","قياس مستوى البزموث","قياس مستوى البزموث"
"8170-3","","","","","","","","","Cannabinoids [Mass/volume] in Serum or Plasma","قياس مستوى القِنَّب "" الحشيش ""","قياس مستوى القِنَّب "" الحشيش """
"9328-6","","","","","","","","","Carbidopa [Mass/volume] in Serum or Plasma","الكاربيدوبا "" السينيميت ""","الكاربيدوبا "" السينيميت """
"94558-4","","","","","","","","","SARS-CoV-2 (COVID-19) Ag [Presence] in Respiratory system specimen by Rapid immunoassay","الكشف عن فيروس الكورونا باستخدام تقنية المقايسة المناعية السريعة","الكشف عن فيروس الكورونا باستخدام تقنية المقايسة المناعية السريعة"
