"VersionEffective","PartNumber","PROPERTY","ValuePrior","ValueCurrent","ChangeReason"
"2.82","LP101300-4","STATUS","ACTIVE","INACTIVE",""
"2.82","LP133413-7","STATUS","ACTIVE","INACTIVE",""
"2.82","LP145522-1","STATUS","ACTIVE","INACTIVE",""
"2.82","LP14701-4","STATUS","ACTIVE","INACTIVE",""
"2.82","LP15597-5","STATUS","ACTIVE","INACTIVE",""
"2.82","LP15962-1","STATUS","ACTIVE","INACTIVE",""
"2.82","LP15965-4","STATUS","ACTIVE","INACTIVE",""
"2.82","LP15967-0","STATUS","ACTIVE","INACTIVE",""
"2.82","LP15970-4","STATUS","ACTIVE","INACTIVE",""
"2.82","LP15974-6","STATUS","ACTIVE","INACTIVE",""
"2.82","LP15980-3","STATUS","ACTIVE","INACTIVE",""
"2.82","LP15981-1","STATUS","ACTIVE","INACTIVE",""
"2.82","LP15983-7","STATUS","ACTIVE","INACTIVE",""
"2.82","LP16007-4","STATUS","ACTIVE","INACTIVE",""
"2.82","LP16867-1","STATUS","ACTIVE","INACTIVE",""
"2.82","LP16892-9","STATUS","ACTIVE","INACTIVE",""
"2.82","LP16894-5","STATUS","ACTIVE","INACTIVE",""
"2.82","LP16895-2","STATUS","ACTIVE","INACTIVE",""
"2.82","LP16896-0","STATUS","ACTIVE","INACTIVE",""
"2.82","LP16897-8","STATUS","ACTIVE","INACTIVE",""
"2.82","LP16898-6","STATUS","ACTIVE","INACTIVE",""
"2.82","LP16899-4","STATUS","ACTIVE","INACTIVE",""
"2.82","LP16900-0","STATUS","ACTIVE","INACTIVE",""
"2.82","LP17246-7","STATUS","ACTIVE","INACTIVE",""
"2.82","LP17273-1","STATUS","ACTIVE","INACTIVE",""
"2.82","LP17275-6","STATUS","ACTIVE","INACTIVE",""
"2.82","LP173512-7","STATUS","ACTIVE","INACTIVE",""
"2.82","LP173515-0","STATUS","ACTIVE","INACTIVE",""
"2.82","LP174102-6","STATUS","ACTIVE","INACTIVE",""
"2.82","LP18256-5","STATUS","ACTIVE","INACTIVE",""
"2.82","LP185815-0","STATUS","ACTIVE","INACTIVE",""
"2.82","LP185816-8","STATUS","ACTIVE","INACTIVE",""
"2.82","LP185818-4","STATUS","ACTIVE","INACTIVE",""
"2.82","LP185870-5","STATUS","ACTIVE","INACTIVE",""
"2.82","LP185873-9","STATUS","ACTIVE","INACTIVE",""
"2.82","LP185876-2","STATUS","ACTIVE","INACTIVE",""
"2.82","LP185879-6","STATUS","ACTIVE","INACTIVE",""
"2.82","LP185903-4","STATUS","ACTIVE","INACTIVE",""
"2.82","LP185904-2","STATUS","ACTIVE","INACTIVE",""
"2.82","LP185905-9","STATUS","ACTIVE","INACTIVE",""
"2.82","LP185906-7","STATUS","ACTIVE","INACTIVE",""
"2.82","LP186237-6","STATUS","ACTIVE","INACTIVE",""
"2.82","LP187068-4","STATUS","ACTIVE","INACTIVE",""
"2.82","LP18782-0","STATUS","ACTIVE","INACTIVE",""
"2.82","LP189777-8","STATUS","ACTIVE","INACTIVE",""
"2.82","LP19038-6","STATUS","ACTIVE","INACTIVE",""
"2.82","LP199581-2","STATUS","ACTIVE","INACTIVE",""
"2.82","LP199582-0","STATUS","ACTIVE","INACTIVE",""
"2.82","LP199669-5","STATUS","ACTIVE","INACTIVE",""
"2.82","LP200129-7","STATUS","ACTIVE","INACTIVE",""
"2.82","LP200241-0","STATUS","ACTIVE","INACTIVE",""
"2.82","LP200319-4","STATUS","ACTIVE","INACTIVE",""
"2.82","LP20548-1","STATUS","ACTIVE","INACTIVE",""
"2.82","LP207921-0","STATUS","ACTIVE","INACTIVE",""
"2.82","LP212189-7","STATUS","ACTIVE","INACTIVE",""
"2.82","LP212190-5","STATUS","ACTIVE","INACTIVE",""
"2.82","LP212191-3","STATUS","ACTIVE","INACTIVE",""
"2.82","LP212192-1","STATUS","ACTIVE","INACTIVE",""
"2.82","LP227610-5","STATUS","ACTIVE","INACTIVE",""
"2.82","LP227611-3","STATUS","ACTIVE","INACTIVE",""
"2.82","LP227612-1","STATUS","ACTIVE","INACTIVE",""
"2.82","LP227613-9","STATUS","ACTIVE","INACTIVE",""
"2.82","LP227614-7","STATUS","ACTIVE","INACTIVE",""
"2.82","LP227615-4","STATUS","ACTIVE","INACTIVE",""
"2.82","LP227616-2","STATUS","ACTIVE","INACTIVE",""
"2.82","LP227617-0","STATUS","ACTIVE","INACTIVE",""
"2.82","LP227618-8","STATUS","ACTIVE","INACTIVE",""
"2.82","LP227619-6","STATUS","ACTIVE","INACTIVE",""
"2.82","LP227880-4","STATUS","ACTIVE","INACTIVE",""
"2.82","LP227881-2","STATUS","ACTIVE","INACTIVE",""
"2.82","LP227882-0","STATUS","ACTIVE","INACTIVE",""
"2.82","LP227883-8","STATUS","ACTIVE","INACTIVE",""
"2.82","LP227940-6","STATUS","ACTIVE","INACTIVE",""
"2.82","LP227941-4","STATUS","ACTIVE","INACTIVE",""
"2.82","LP228037-0","STATUS","ACTIVE","INACTIVE",""
"2.82","LP228039-6","STATUS","ACTIVE","INACTIVE",""
"2.82","LP228040-4","STATUS","ACTIVE","INACTIVE",""
"2.82","LP228041-2","STATUS","ACTIVE","INACTIVE",""
"2.82","LP228065-1","STATUS","ACTIVE","INACTIVE",""
"2.82","LP228066-9","STATUS","ACTIVE","INACTIVE",""
"2.82","LP228067-7","STATUS","ACTIVE","INACTIVE",""
"2.82","LP228068-5","STATUS","ACTIVE","INACTIVE",""
"2.82","LP228069-3","STATUS","ACTIVE","INACTIVE",""
"2.82","LP228070-1","STATUS","ACTIVE","INACTIVE",""
"2.82","LP228076-8","STATUS","ACTIVE","INACTIVE",""
"2.82","LP228077-6","STATUS","ACTIVE","INACTIVE",""
"2.82","LP228078-4","STATUS","ACTIVE","INACTIVE",""
"2.82","LP228092-5","STATUS","ACTIVE","INACTIVE",""
"2.82","LP228108-9","STATUS","ACTIVE","INACTIVE",""
"2.82","LP228109-7","STATUS","ACTIVE","INACTIVE",""
"2.82","LP228110-5","STATUS","ACTIVE","INACTIVE",""
"2.82","LP228111-3","STATUS","ACTIVE","INACTIVE",""
"2.82","LP228112-1","STATUS","ACTIVE","INACTIVE",""
"2.82","LP228113-9","STATUS","ACTIVE","INACTIVE",""
"2.82","LP228114-7","STATUS","ACTIVE","INACTIVE",""
"2.82","LP228115-4","STATUS","ACTIVE","INACTIVE",""
"2.82","LP228116-2","STATUS","ACTIVE","INACTIVE",""
"2.82","LP228117-0","STATUS","ACTIVE","INACTIVE",""
"2.82","LP228219-4","STATUS","ACTIVE","INACTIVE",""
"2.82","LP228220-2","STATUS","ACTIVE","INACTIVE",""
"2.82","LP228221-0","STATUS","ACTIVE","INACTIVE",""
"2.82","LP228315-0","STATUS","ACTIVE","INACTIVE",""
"2.82","LP228318-4","STATUS","ACTIVE","INACTIVE",""
"2.82","LP228319-2","STATUS","ACTIVE","INACTIVE",""
"2.82","LP228362-2","STATUS","ACTIVE","INACTIVE",""
"2.82","LP228367-1","STATUS","ACTIVE","INACTIVE",""
"2.82","LP228368-9","STATUS","ACTIVE","INACTIVE",""
"2.82","LP228370-5","STATUS","ACTIVE","INACTIVE",""
"2.82","LP228371-3","STATUS","ACTIVE","INACTIVE",""
"2.82","LP228374-7","STATUS","ACTIVE","INACTIVE",""
"2.82","LP228375-4","STATUS","ACTIVE","INACTIVE",""
"2.82","LP228709-4","STATUS","ACTIVE","INACTIVE",""
"2.82","LP228732-6","STATUS","ACTIVE","INACTIVE",""
"2.82","LP228733-4","STATUS","ACTIVE","INACTIVE",""
"2.82","LP228734-2","STATUS","ACTIVE","INACTIVE",""
"2.82","LP228779-7","STATUS","ACTIVE","INACTIVE",""
"2.82","LP228780-5","STATUS","ACTIVE","INACTIVE",""
"2.82","LP228782-1","STATUS","ACTIVE","INACTIVE",""
"2.82","LP228865-4","STATUS","ACTIVE","INACTIVE",""
"2.82","LP228866-2","STATUS","ACTIVE","INACTIVE",""
"2.82","LP228867-0","STATUS","ACTIVE","INACTIVE",""
"2.82","LP228868-8","STATUS","ACTIVE","INACTIVE",""
"2.82","LP228993-4","STATUS","ACTIVE","INACTIVE",""
"2.82","LP229026-2","STATUS","ACTIVE","INACTIVE",""
"2.82","LP229027-0","STATUS","ACTIVE","INACTIVE",""
"2.82","LP229028-8","STATUS","ACTIVE","INACTIVE",""
"2.82","LP229138-5","STATUS","ACTIVE","INACTIVE",""
"2.82","LP229139-3","STATUS","ACTIVE","INACTIVE",""
"2.82","LP229141-9","STATUS","ACTIVE","INACTIVE",""
"2.82","LP229194-8","STATUS","ACTIVE","INACTIVE",""
"2.82","LP229196-3","STATUS","ACTIVE","INACTIVE",""
"2.82","LP229450-4","STATUS","ACTIVE","INACTIVE",""
"2.82","LP229451-2","STATUS","ACTIVE","INACTIVE",""
"2.82","LP229452-0","STATUS","ACTIVE","INACTIVE",""
"2.82","LP229498-3","STATUS","ACTIVE","INACTIVE",""
"2.82","LP229499-1","STATUS","ACTIVE","INACTIVE",""
"2.82","LP229501-4","STATUS","ACTIVE","INACTIVE",""
"2.82","LP229503-0","STATUS","ACTIVE","INACTIVE",""
"2.82","LP229504-8","STATUS","ACTIVE","INACTIVE",""
"2.82","LP229505-5","STATUS","ACTIVE","INACTIVE",""
"2.82","LP229506-3","STATUS","ACTIVE","INACTIVE",""
"2.82","LP229697-0","STATUS","ACTIVE","INACTIVE",""
"2.82","LP229700-2","STATUS","ACTIVE","INACTIVE",""
"2.82","LP229701-0","STATUS","ACTIVE","INACTIVE",""
"2.82","LP229709-3","STATUS","ACTIVE","INACTIVE",""
"2.82","LP229821-6","STATUS","ACTIVE","INACTIVE",""
"2.82","LP229901-6","STATUS","ACTIVE","INACTIVE",""
"2.82","LP249275-1","STATUS","ACTIVE","INACTIVE",""
"2.82","LP265242-0","STATUS","ACTIVE","INACTIVE",""
"2.82","LP265243-8","STATUS","ACTIVE","INACTIVE",""
"2.82","LP265246-1","STATUS","ACTIVE","INACTIVE",""
"2.82","LP265606-6","STATUS","ACTIVE","INACTIVE",""
"2.82","LP265893-0","STATUS","ACTIVE","INACTIVE",""
"2.82","LP266627-1","STATUS","ACTIVE","INACTIVE",""
"2.82","LP266777-4","STATUS","ACTIVE","INACTIVE",""
"2.82","LP268392-0","STATUS","ACTIVE","INACTIVE",""
"2.82","LP269258-2","STATUS","ACTIVE","INACTIVE",""
"2.82","LP269259-0","STATUS","ACTIVE","INACTIVE",""
"2.82","LP269607-0","STATUS","ACTIVE","INACTIVE",""
"2.82","LP269608-8","STATUS","ACTIVE","INACTIVE",""
"2.82","LP269609-6","STATUS","ACTIVE","INACTIVE",""
"2.82","LP269610-4","STATUS","ACTIVE","INACTIVE",""
"2.82","LP269611-2","STATUS","ACTIVE","INACTIVE",""
"2.82","LP284668-3","STATUS","ACTIVE","INACTIVE",""
"2.82","LP284669-1","STATUS","ACTIVE","INACTIVE",""
"2.82","LP284936-4","STATUS","ACTIVE","INACTIVE",""
"2.82","LP286314-2","STATUS","ACTIVE","INACTIVE",""
"2.82","LP28970-9","STATUS","ACTIVE","INACTIVE",""
"2.82","LP29098-8","STATUS","ACTIVE","INACTIVE",""
"2.82","LP29099-6","STATUS","ACTIVE","INACTIVE",""
"2.82","LP29307-3","STATUS","ACTIVE","INACTIVE",""
"2.82","LP29596-1","STATUS","ACTIVE","INACTIVE",""
"2.82","LP30539-8","STATUS","ACTIVE","INACTIVE",""
"2.82","LP306606-7","STATUS","ACTIVE","INACTIVE",""
"2.82","LP306607-5","STATUS","ACTIVE","INACTIVE",""
"2.82","LP306609-1","STATUS","ACTIVE","INACTIVE",""
"2.82","LP307463-2","STATUS","ACTIVE","INACTIVE",""
"2.82","LP307464-0","STATUS","ACTIVE","INACTIVE",""
"2.82","LP307465-7","STATUS","ACTIVE","INACTIVE",""
"2.82","LP307466-5","STATUS","ACTIVE","INACTIVE",""
"2.82","LP307467-3","STATUS","ACTIVE","INACTIVE",""
"2.82","LP307468-1","STATUS","ACTIVE","INACTIVE",""
"2.82","LP307469-9","STATUS","ACTIVE","INACTIVE",""
"2.82","LP307470-7","STATUS","ACTIVE","INACTIVE",""
"2.82","LP307471-5","STATUS","ACTIVE","INACTIVE",""
"2.82","LP307472-3","STATUS","ACTIVE","INACTIVE",""
"2.82","LP307473-1","STATUS","ACTIVE","INACTIVE",""
"2.82","LP307622-3","STATUS","ACTIVE","INACTIVE",""
"2.82","LP307624-9","STATUS","ACTIVE","INACTIVE",""
"2.82","LP307625-6","STATUS","ACTIVE","INACTIVE",""
"2.82","LP307626-4","STATUS","ACTIVE","INACTIVE",""
"2.82","LP307627-2","STATUS","ACTIVE","INACTIVE",""
"2.82","LP307629-8","STATUS","ACTIVE","INACTIVE",""
"2.82","LP307630-6","STATUS","ACTIVE","INACTIVE",""
"2.82","LP307631-4","STATUS","ACTIVE","INACTIVE",""
"2.82","LP307632-2","STATUS","ACTIVE","INACTIVE",""
"2.82","LP307633-0","STATUS","ACTIVE","INACTIVE",""
"2.82","LP307635-5","STATUS","ACTIVE","INACTIVE",""
"2.82","LP307636-3","STATUS","ACTIVE","INACTIVE",""
"2.82","LP307637-1","STATUS","ACTIVE","INACTIVE",""
"2.82","LP307639-7","STATUS","ACTIVE","INACTIVE",""
"2.82","LP307640-5","STATUS","ACTIVE","INACTIVE",""
"2.82","LP307641-3","STATUS","ACTIVE","INACTIVE",""
"2.82","LP307642-1","STATUS","ACTIVE","INACTIVE",""
"2.82","LP307643-9","STATUS","ACTIVE","INACTIVE",""
"2.82","LP307644-7","STATUS","ACTIVE","INACTIVE",""
"2.82","LP307645-4","STATUS","ACTIVE","INACTIVE",""
"2.82","LP307646-2","STATUS","ACTIVE","INACTIVE",""
"2.82","LP307647-0","STATUS","ACTIVE","INACTIVE",""
"2.82","LP307648-8","STATUS","ACTIVE","INACTIVE",""
"2.82","LP307649-6","STATUS","ACTIVE","INACTIVE",""
"2.82","LP307650-4","STATUS","ACTIVE","INACTIVE",""
"2.82","LP307652-0","STATUS","ACTIVE","INACTIVE",""
"2.82","LP307654-6","STATUS","ACTIVE","INACTIVE",""
"2.82","LP307655-3","STATUS","ACTIVE","INACTIVE",""
"2.82","LP307656-1","STATUS","ACTIVE","INACTIVE",""
"2.82","LP307657-9","STATUS","ACTIVE","INACTIVE",""
"2.82","LP307658-7","STATUS","ACTIVE","INACTIVE",""
"2.82","LP307659-5","STATUS","ACTIVE","INACTIVE",""
"2.82","LP307660-3","STATUS","ACTIVE","INACTIVE",""
"2.82","LP307661-1","STATUS","ACTIVE","INACTIVE",""
"2.82","LP307662-9","STATUS","ACTIVE","INACTIVE",""
"2.82","LP307663-7","STATUS","ACTIVE","INACTIVE",""
"2.82","LP307664-5","STATUS","ACTIVE","INACTIVE",""
"2.82","LP307666-0","STATUS","ACTIVE","INACTIVE",""
"2.82","LP307667-8","STATUS","ACTIVE","INACTIVE",""
"2.82","LP307668-6","STATUS","ACTIVE","INACTIVE",""
"2.82","LP307669-4","STATUS","ACTIVE","INACTIVE",""
"2.82","LP307670-2","STATUS","ACTIVE","INACTIVE",""
"2.82","LP307671-0","STATUS","ACTIVE","INACTIVE",""
"2.82","LP307672-8","STATUS","ACTIVE","INACTIVE",""
"2.82","LP307673-6","STATUS","ACTIVE","INACTIVE",""
"2.82","LP307674-4","STATUS","ACTIVE","INACTIVE",""
"2.82","LP307675-1","STATUS","ACTIVE","INACTIVE",""
"2.82","LP307676-9","STATUS","ACTIVE","INACTIVE",""
"2.82","LP307677-7","STATUS","ACTIVE","INACTIVE",""
"2.82","LP307679-3","STATUS","ACTIVE","INACTIVE",""
"2.82","LP307680-1","STATUS","ACTIVE","INACTIVE",""
"2.82","LP307681-9","STATUS","ACTIVE","INACTIVE",""
"2.82","LP307682-7","STATUS","ACTIVE","INACTIVE",""
"2.82","LP307683-5","STATUS","ACTIVE","INACTIVE",""
"2.82","LP307684-3","STATUS","ACTIVE","INACTIVE",""
"2.82","LP307685-0","STATUS","ACTIVE","INACTIVE",""
"2.82","LP307686-8","STATUS","ACTIVE","INACTIVE",""
"2.82","LP307687-6","STATUS","ACTIVE","INACTIVE",""
"2.82","LP307688-4","STATUS","ACTIVE","INACTIVE",""
"2.82","LP307690-0","STATUS","ACTIVE","INACTIVE",""
"2.82","LP307691-8","STATUS","ACTIVE","INACTIVE",""
"2.82","LP307692-6","STATUS","ACTIVE","INACTIVE",""
"2.82","LP307693-4","STATUS","ACTIVE","INACTIVE",""
"2.82","LP307694-2","STATUS","ACTIVE","INACTIVE",""
"2.82","LP307695-9","STATUS","ACTIVE","INACTIVE",""
"2.82","LP307696-7","STATUS","ACTIVE","INACTIVE",""
"2.82","LP307697-5","STATUS","ACTIVE","INACTIVE",""
"2.82","LP307698-3","STATUS","ACTIVE","INACTIVE",""
"2.82","LP307699-1","STATUS","ACTIVE","INACTIVE",""
"2.82","LP307702-3","STATUS","ACTIVE","INACTIVE",""
"2.82","LP307703-1","STATUS","ACTIVE","INACTIVE",""
"2.82","LP307704-9","STATUS","ACTIVE","INACTIVE",""
"2.82","LP307705-6","STATUS","ACTIVE","INACTIVE",""
"2.82","LP307706-4","STATUS","ACTIVE","INACTIVE",""
"2.82","LP307707-2","STATUS","ACTIVE","INACTIVE",""
"2.82","LP307708-0","STATUS","ACTIVE","INACTIVE",""
"2.82","LP307709-8","STATUS","ACTIVE","INACTIVE",""
"2.82","LP307710-6","STATUS","ACTIVE","INACTIVE",""
"2.82","LP307711-4","STATUS","ACTIVE","INACTIVE",""
"2.82","LP307712-2","STATUS","ACTIVE","INACTIVE",""
"2.82","LP307713-0","STATUS","ACTIVE","INACTIVE",""
"2.82","LP307722-1","STATUS","ACTIVE","INACTIVE",""
"2.82","LP307729-6","STATUS","ACTIVE","INACTIVE",""
"2.82","LP307730-4","STATUS","ACTIVE","INACTIVE",""
"2.82","LP307731-2","STATUS","ACTIVE","INACTIVE",""
"2.82","LP307732-0","STATUS","ACTIVE","INACTIVE",""
"2.82","LP307733-8","STATUS","ACTIVE","INACTIVE",""
"2.82","LP307734-6","STATUS","ACTIVE","INACTIVE",""
"2.82","LP307735-3","STATUS","ACTIVE","INACTIVE",""
"2.82","LP307736-1","STATUS","ACTIVE","INACTIVE",""
"2.82","LP307737-9","STATUS","ACTIVE","INACTIVE",""
"2.82","LP307738-7","STATUS","ACTIVE","INACTIVE",""
"2.82","LP307739-5","STATUS","ACTIVE","INACTIVE",""
"2.82","LP307740-3","STATUS","ACTIVE","INACTIVE",""
"2.82","LP307741-1","STATUS","ACTIVE","INACTIVE",""
"2.82","LP307742-9","STATUS","ACTIVE","INACTIVE",""
"2.82","LP307743-7","STATUS","ACTIVE","INACTIVE",""
"2.82","LP307744-5","STATUS","ACTIVE","INACTIVE",""
"2.82","LP307745-2","STATUS","ACTIVE","INACTIVE",""
"2.82","LP307746-0","STATUS","ACTIVE","INACTIVE",""
"2.82","LP307747-8","STATUS","ACTIVE","INACTIVE",""
"2.82","LP307748-6","STATUS","ACTIVE","INACTIVE",""
"2.82","LP307749-4","STATUS","ACTIVE","INACTIVE",""
"2.82","LP307750-2","STATUS","ACTIVE","INACTIVE",""
"2.82","LP307751-0","STATUS","ACTIVE","INACTIVE",""
"2.82","LP307752-8","STATUS","ACTIVE","INACTIVE",""
"2.82","LP307753-6","STATUS","ACTIVE","INACTIVE",""
"2.82","LP307754-4","STATUS","ACTIVE","INACTIVE",""
"2.82","LP307755-1","STATUS","ACTIVE","INACTIVE",""
"2.82","LP307756-9","STATUS","ACTIVE","INACTIVE",""
"2.82","LP307757-7","STATUS","ACTIVE","INACTIVE",""
"2.82","LP307758-5","STATUS","ACTIVE","INACTIVE",""
"2.82","LP307759-3","STATUS","ACTIVE","INACTIVE",""
"2.82","LP307760-1","STATUS","ACTIVE","INACTIVE",""
"2.82","LP307761-9","STATUS","ACTIVE","INACTIVE",""
"2.82","LP307762-7","STATUS","ACTIVE","INACTIVE",""
"2.82","LP307763-5","STATUS","ACTIVE","INACTIVE",""
"2.82","LP307764-3","STATUS","ACTIVE","INACTIVE",""
"2.82","LP307765-0","STATUS","ACTIVE","INACTIVE",""
"2.82","LP307766-8","STATUS","ACTIVE","INACTIVE",""
"2.82","LP307767-6","STATUS","ACTIVE","INACTIVE",""
"2.82","LP307768-4","STATUS","ACTIVE","INACTIVE",""
"2.82","LP307769-2","STATUS","ACTIVE","INACTIVE",""
"2.82","LP307770-0","STATUS","ACTIVE","INACTIVE",""
"2.82","LP307771-8","STATUS","ACTIVE","INACTIVE",""
"2.82","LP307772-6","STATUS","ACTIVE","INACTIVE",""
"2.82","LP307773-4","STATUS","ACTIVE","INACTIVE",""
"2.82","LP307774-2","STATUS","ACTIVE","INACTIVE",""
"2.82","LP307775-9","STATUS","ACTIVE","INACTIVE",""
"2.82","LP307776-7","STATUS","ACTIVE","INACTIVE",""
"2.82","LP307777-5","STATUS","ACTIVE","INACTIVE",""
"2.82","LP307778-3","STATUS","ACTIVE","INACTIVE",""
"2.82","LP307779-1","STATUS","ACTIVE","INACTIVE",""
"2.82","LP30879-8","STATUS","ACTIVE","INACTIVE",""
"2.82","LP30880-6","STATUS","ACTIVE","INACTIVE",""
"2.82","LP30881-4","STATUS","ACTIVE","INACTIVE",""
"2.82","LP30882-2","STATUS","ACTIVE","INACTIVE",""
"2.82","LP30883-0","STATUS","ACTIVE","INACTIVE",""
"2.82","LP30917-6","STATUS","ACTIVE","INACTIVE",""
"2.82","LP30918-4","STATUS","ACTIVE","INACTIVE",""
"2.82","LP30920-0","STATUS","ACTIVE","INACTIVE",""
"2.82","LP30921-8","STATUS","ACTIVE","INACTIVE",""
"2.82","LP309241-0","STATUS","ACTIVE","DEPRECATED",""
"2.82","LP309905-0","STATUS","ACTIVE","INACTIVE",""
"2.82","LP309906-8","STATUS","ACTIVE","INACTIVE",""
"2.82","LP309907-6","STATUS","ACTIVE","INACTIVE",""
"2.82","LP309908-4","STATUS","ACTIVE","INACTIVE",""
"2.82","LP309913-4","STATUS","ACTIVE","INACTIVE",""
"2.82","LP309914-2","STATUS","ACTIVE","INACTIVE",""
"2.82","LP309915-9","STATUS","ACTIVE","INACTIVE",""
"2.82","LP309916-7","STATUS","ACTIVE","INACTIVE",""
"2.82","LP309917-5","STATUS","ACTIVE","INACTIVE",""
"2.82","LP309918-3","STATUS","ACTIVE","INACTIVE",""
"2.82","LP309924-1","STATUS","ACTIVE","INACTIVE",""
"2.82","LP31523-1","STATUS","ACTIVE","INACTIVE",""
"2.82","LP31524-9","STATUS","ACTIVE","INACTIVE",""
"2.82","LP31593-4","STATUS","ACTIVE","INACTIVE",""
"2.82","LP31599-1","STATUS","ACTIVE","INACTIVE",""
"2.82","LP31600-7","STATUS","ACTIVE","INACTIVE",""
"2.82","LP31784-9","STATUS","ACTIVE","INACTIVE",""
"2.82","LP32430-8","STATUS","ACTIVE","INACTIVE",""
"2.82","LP32469-6","STATUS","ACTIVE","INACTIVE",""
"2.82","LP32470-4","STATUS","ACTIVE","INACTIVE",""
"2.82","LP32471-2","STATUS","ACTIVE","INACTIVE",""
"2.82","LP32472-0","STATUS","ACTIVE","INACTIVE",""
"2.82","LP32473-8","STATUS","ACTIVE","INACTIVE",""
"2.82","LP32475-3","STATUS","ACTIVE","INACTIVE",""
"2.82","LP32476-1","STATUS","ACTIVE","INACTIVE",""
"2.82","LP32477-9","STATUS","ACTIVE","INACTIVE",""
"2.82","LP32478-7","STATUS","ACTIVE","INACTIVE",""
"2.82","LP32479-5","STATUS","ACTIVE","INACTIVE",""
"2.82","LP32480-3","STATUS","ACTIVE","INACTIVE",""
"2.82","LP32481-1","STATUS","ACTIVE","INACTIVE",""
"2.82","LP32483-7","STATUS","ACTIVE","INACTIVE",""
"2.82","LP32484-5","STATUS","ACTIVE","INACTIVE",""
"2.82","LP32485-2","STATUS","ACTIVE","INACTIVE",""
"2.82","LP32711-1","STATUS","ACTIVE","INACTIVE",""
"2.82","LP32712-9","STATUS","ACTIVE","INACTIVE",""
"2.82","LP32713-7","STATUS","ACTIVE","INACTIVE",""
"2.82","LP32714-5","STATUS","ACTIVE","INACTIVE",""
"2.82","LP32716-0","STATUS","ACTIVE","INACTIVE",""
"2.82","LP32717-8","STATUS","ACTIVE","INACTIVE",""
"2.82","LP344929-7","STATUS","ACTIVE","INACTIVE",""
"2.82","LP35585-6","STATUS","ACTIVE","INACTIVE",""
"2.82","LP35605-2","STATUS","ACTIVE","INACTIVE",""
"2.82","LP35606-0","STATUS","ACTIVE","INACTIVE",""
"2.82","LP35639-1","STATUS","ACTIVE","INACTIVE",""
"2.82","LP35640-9","STATUS","ACTIVE","INACTIVE",""
"2.82","LP36176-3","STATUS","ACTIVE","INACTIVE",""
"2.82","LP36648-1","STATUS","ACTIVE","INACTIVE",""
"2.82","LP380431-9","STATUS","ACTIVE","DEPRECATED","Obsolete"
"2.82","LP380645-4","STATUS","ACTIVE","DEPRECATED","Obsolete"
"2.82","LP380646-2","STATUS","ACTIVE","DEPRECATED","Obsolete"
"2.82","LP380712-2","STATUS","ACTIVE","DEPRECATED","Obsolete"
"2.82","LP380731-2","STATUS","ACTIVE","DEPRECATED","Obsolete"
"2.82","LP380732-0","STATUS","ACTIVE","DEPRECATED","Obsolete"
"2.82","LP380780-9","STATUS","ACTIVE","DEPRECATED","Obsolete"
"2.82","LP381126-4","STATUS","ACTIVE","DEPRECATED","Obsolete"
"2.82","LP381128-0","STATUS","ACTIVE","DEPRECATED","Obsolete"
"2.82","LP381349-2","STATUS","ACTIVE","DEPRECATED","Obsolete"
"2.82","LP382886-2","STATUS","ACTIVE","DEPRECATED","Obsolete"
"2.82","LP382887-0","STATUS","ACTIVE","DEPRECATED","Obsolete"
"2.82","LP386067-5","STATUS","ACTIVE","DEPRECATED","Obsolete"
"2.82","LP386736-5","STATUS","ACTIVE","DEPRECATED","Obsolete"
"2.82","LP386737-3","STATUS","ACTIVE","DEPRECATED","Obsolete"
"2.82","LP386738-1","STATUS","ACTIVE","DEPRECATED","Obsolete"
"2.82","LP386739-9","STATUS","ACTIVE","DEPRECATED","Obsolete"
"2.82","LP386740-7","STATUS","ACTIVE","DEPRECATED","Obsolete"
"2.82","LP388632-4","STATUS","ACTIVE","DEPRECATED","Obsolete"
"2.82","LP388633-2","STATUS","ACTIVE","DEPRECATED","Obsolete"
"2.82","LP388634-0","STATUS","ACTIVE","DEPRECATED","Obsolete"
"2.82","LP388785-0","STATUS","ACTIVE","DEPRECATED","Obsolete"
"2.82","LP388786-8","STATUS","ACTIVE","DEPRECATED","Obsolete"
"2.82","LP388787-6","STATUS","ACTIVE","DEPRECATED","Obsolete"
"2.82","LP388788-4","STATUS","ACTIVE","DEPRECATED","Obsolete"
"2.82","LP388789-2","STATUS","ACTIVE","DEPRECATED","Obsolete"
"2.82","LP388790-0","STATUS","ACTIVE","DEPRECATED","Obsolete"
"2.82","LP392479-4","STATUS","ACTIVE","DEPRECATED","Obsolete"
"2.82","LP393456-1","STATUS","ACTIVE","DEPRECATED","Obsolete"
"2.82","LP393462-9","STATUS","ACTIVE","DEPRECATED","Obsolete"
"2.82","LP393943-8","STATUS","ACTIVE","DEPRECATED","Obsolete"
"2.82","LP393944-6","STATUS","ACTIVE","DEPRECATED","Obsolete"
"2.82","LP393949-5","STATUS","ACTIVE","DEPRECATED","Obsolete"
"2.82","LP393950-3","STATUS","ACTIVE","DEPRECATED","Obsolete"
"2.82","LP393952-9","STATUS","ACTIVE","DEPRECATED","Obsolete"
"2.82","LP393954-5","STATUS","ACTIVE","DEPRECATED","Obsolete"
"2.82","LP393955-2","STATUS","ACTIVE","DEPRECATED","Obsolete"
"2.82","LP393961-0","STATUS","ACTIVE","DEPRECATED","Obsolete"
"2.82","LP393962-8","STATUS","ACTIVE","DEPRECATED","Obsolete"
"2.82","LP393963-6","STATUS","ACTIVE","DEPRECATED","Obsolete"
"2.82","LP393965-1","STATUS","ACTIVE","DEPRECATED","Obsolete"
"2.82","LP393966-9","STATUS","ACTIVE","DEPRECATED","Obsolete"
"2.82","LP393968-5","STATUS","ACTIVE","DEPRECATED","Obsolete"
"2.82","LP393970-1","STATUS","ACTIVE","DEPRECATED","Obsolete"
"2.82","LP393974-3","STATUS","ACTIVE","DEPRECATED","Obsolete"
"2.82","LP393975-0","STATUS","ACTIVE","DEPRECATED","Obsolete"
"2.82","LP393976-8","STATUS","ACTIVE","DEPRECATED","Obsolete"
"2.82","LP393984-2","STATUS","ACTIVE","DEPRECATED","Obsolete"
"2.82","LP393985-9","STATUS","ACTIVE","DEPRECATED","Obsolete"
"2.82","LP393986-7","STATUS","ACTIVE","DEPRECATED","Obsolete"
"2.82","LP393987-5","STATUS","ACTIVE","DEPRECATED","Obsolete"
"2.82","LP393990-9","STATUS","ACTIVE","DEPRECATED","Obsolete"
"2.82","LP393991-7","STATUS","ACTIVE","DEPRECATED","Obsolete"
"2.82","LP393992-5","STATUS","ACTIVE","DEPRECATED","Obsolete"
"2.82","LP393993-3","STATUS","ACTIVE","DEPRECATED","Obsolete"
"2.82","LP394001-4","STATUS","ACTIVE","DEPRECATED","Obsolete"
"2.82","LP394002-2","STATUS","ACTIVE","DEPRECATED","Obsolete"
"2.82","LP394026-1","STATUS","ACTIVE","DEPRECATED","Obsolete"
"2.82","LP394027-9","STATUS","ACTIVE","DEPRECATED","Obsolete"
"2.82","LP394029-5","STATUS","ACTIVE","DEPRECATED","Obsolete"
"2.82","LP394030-3","STATUS","ACTIVE","DEPRECATED","Obsolete"
"2.82","LP394031-1","STATUS","ACTIVE","DEPRECATED","Obsolete"
"2.82","LP394032-9","STATUS","ACTIVE","DEPRECATED","Obsolete"
"2.82","LP394033-7","STATUS","ACTIVE","DEPRECATED","Obsolete"
"2.82","LP394035-2","STATUS","ACTIVE","DEPRECATED","Obsolete"
"2.82","LP394036-0","STATUS","ACTIVE","DEPRECATED","Obsolete"
"2.82","LP394037-8","STATUS","ACTIVE","DEPRECATED","Obsolete"
"2.82","LP394038-6","STATUS","ACTIVE","DEPRECATED","Obsolete"
"2.82","LP394041-0","STATUS","ACTIVE","DEPRECATED","Obsolete"
"2.82","LP394042-8","STATUS","ACTIVE","DEPRECATED","Obsolete"
"2.82","LP394043-6","STATUS","ACTIVE","DEPRECATED","Obsolete"
"2.82","LP394044-4","STATUS","ACTIVE","DEPRECATED","Obsolete"
"2.82","LP394045-1","STATUS","ACTIVE","DEPRECATED","Obsolete"
"2.82","LP394047-7","STATUS","ACTIVE","DEPRECATED","Obsolete"
"2.82","LP394053-5","STATUS","ACTIVE","DEPRECATED","Obsolete"
"2.82","LP394058-4","STATUS","ACTIVE","DEPRECATED","Obsolete"
"2.82","LP394059-2","STATUS","ACTIVE","DEPRECATED","Obsolete"
"2.82","LP394061-8","STATUS","ACTIVE","DEPRECATED","Obsolete"
"2.82","LP394062-6","STATUS","ACTIVE","DEPRECATED","Obsolete"
"2.82","LP394063-4","STATUS","ACTIVE","DEPRECATED","Obsolete"
"2.82","LP394066-7","STATUS","ACTIVE","DEPRECATED","Obsolete"
"2.82","LP394069-1","STATUS","ACTIVE","DEPRECATED","Obsolete"
"2.82","LP394071-7","STATUS","ACTIVE","DEPRECATED","Obsolete"
"2.82","LP394073-3","STATUS","ACTIVE","DEPRECATED","Obsolete"
"2.82","LP394074-1","STATUS","ACTIVE","DEPRECATED","Obsolete"
"2.82","LP394092-3","STATUS","ACTIVE","DEPRECATED","Obsolete"
"2.82","LP394093-1","STATUS","ACTIVE","DEPRECATED","Obsolete"
"2.82","LP394094-9","STATUS","ACTIVE","DEPRECATED","Obsolete"
"2.82","LP394095-6","STATUS","ACTIVE","DEPRECATED","Obsolete"
"2.82","LP394096-4","STATUS","ACTIVE","DEPRECATED","Obsolete"
"2.82","LP394143-4","STATUS","ACTIVE","DEPRECATED","Obsolete"
"2.82","LP394144-2","STATUS","ACTIVE","DEPRECATED","Obsolete"
"2.82","LP394147-5","STATUS","ACTIVE","DEPRECATED","Obsolete"
"2.82","LP394150-9","STATUS","ACTIVE","DEPRECATED","Obsolete"
"2.82","LP394152-5","STATUS","ACTIVE","DEPRECATED","Obsolete"
"2.82","LP394153-3","STATUS","ACTIVE","DEPRECATED","Obsolete"
"2.82","LP394163-2","STATUS","ACTIVE","DEPRECATED","Obsolete"
"2.82","LP394169-9","STATUS","ACTIVE","DEPRECATED","Obsolete"
"2.82","LP394180-6","STATUS","ACTIVE","DEPRECATED","Obsolete"
"2.82","LP394188-9","STATUS","ACTIVE","DEPRECATED","Obsolete"
"2.82","LP394194-7","STATUS","ACTIVE","DEPRECATED","Obsolete"
"2.82","LP394210-1","STATUS","ACTIVE","DEPRECATED","Obsolete"
"2.82","LP394217-6","STATUS","ACTIVE","DEPRECATED","Obsolete"
"2.82","LP394270-5","STATUS","ACTIVE","DEPRECATED","Obsolete"
"2.82","LP394271-3","STATUS","ACTIVE","DEPRECATED","Obsolete"
"2.82","LP394272-1","STATUS","ACTIVE","DEPRECATED","Obsolete"
"2.82","LP394274-7","STATUS","ACTIVE","DEPRECATED","Obsolete"
"2.82","LP394275-4","STATUS","ACTIVE","DEPRECATED","Obsolete"
"2.82","LP394276-2","STATUS","ACTIVE","DEPRECATED","Obsolete"
"2.82","LP394277-0","STATUS","ACTIVE","DEPRECATED","Obsolete"
"2.82","LP394278-8","STATUS","ACTIVE","DEPRECATED","Obsolete"
"2.82","LP394280-4","STATUS","ACTIVE","DEPRECATED","Obsolete"
"2.82","LP394281-2","STATUS","ACTIVE","DEPRECATED","Obsolete"
"2.82","LP394282-0","STATUS","ACTIVE","DEPRECATED","Obsolete"
"2.82","LP394283-8","STATUS","ACTIVE","DEPRECATED","Obsolete"
"2.82","LP394284-6","STATUS","ACTIVE","DEPRECATED","Obsolete"
"2.82","LP394285-3","STATUS","ACTIVE","DEPRECATED","Obsolete"
"2.82","LP394287-9","STATUS","ACTIVE","DEPRECATED","Obsolete"
"2.82","LP394288-7","STATUS","ACTIVE","DEPRECATED","Obsolete"
"2.82","LP394289-5","STATUS","ACTIVE","DEPRECATED","Obsolete"
"2.82","LP394291-1","STATUS","ACTIVE","DEPRECATED","Obsolete"
"2.82","LP394292-9","STATUS","ACTIVE","DEPRECATED","Obsolete"
"2.82","LP394293-7","STATUS","ACTIVE","DEPRECATED","Obsolete"
"2.82","LP394294-5","STATUS","ACTIVE","DEPRECATED","Obsolete"
"2.82","LP394295-2","STATUS","ACTIVE","DEPRECATED","Obsolete"
"2.82","LP394297-8","STATUS","ACTIVE","DEPRECATED","Obsolete"
"2.82","LP394298-6","STATUS","ACTIVE","DEPRECATED","Obsolete"
"2.82","LP394299-4","STATUS","ACTIVE","DEPRECATED","Obsolete"
"2.82","LP394300-0","STATUS","ACTIVE","DEPRECATED","Obsolete"
"2.82","LP394301-8","STATUS","ACTIVE","DEPRECATED","Obsolete"
"2.82","LP394302-6","STATUS","ACTIVE","DEPRECATED","Obsolete"
"2.82","LP394303-4","STATUS","ACTIVE","DEPRECATED","Obsolete"
"2.82","LP394304-2","STATUS","ACTIVE","DEPRECATED","Obsolete"
"2.82","LP394305-9","STATUS","ACTIVE","DEPRECATED","Obsolete"
"2.82","LP394312-5","STATUS","ACTIVE","DEPRECATED","Obsolete"
"2.82","LP394313-3","STATUS","ACTIVE","DEPRECATED","Obsolete"
"2.82","LP394332-3","STATUS","ACTIVE","DEPRECATED","Obsolete"
"2.82","LP394423-0","STATUS","ACTIVE","DEPRECATED","Obsolete"
"2.82","LP394424-8","STATUS","ACTIVE","DEPRECATED","Obsolete"
"2.82","LP394430-5","STATUS","ACTIVE","DEPRECATED","Obsolete"
"2.82","LP400531-2","STATUS","ACTIVE","DEPRECATED","Obsolete"
"2.82","LP401023-9","STATUS","ACTIVE","DEPRECATED","Obsolete"
"2.82","LP402016-2","STATUS","ACTIVE","DEPRECATED","Obsolete"
"2.82","LP402017-0","STATUS","ACTIVE","DEPRECATED","Obsolete"
"2.82","LP402018-8","STATUS","ACTIVE","DEPRECATED","Obsolete"
"2.82","LP402118-6","STATUS","ACTIVE","DEPRECATED","Obsolete"
"2.82","LP402139-2","STATUS","ACTIVE","DEPRECATED","Obsolete"
"2.82","LP402174-9","STATUS","ACTIVE","DEPRECATED","Obsolete"
"2.82","LP402206-9","STATUS","ACTIVE","DEPRECATED","Obsolete"
"2.82","LP402207-7","STATUS","ACTIVE","DEPRECATED","Obsolete"
"2.82","LP402208-5","STATUS","ACTIVE","DEPRECATED","Obsolete"
"2.82","LP402209-3","STATUS","ACTIVE","DEPRECATED","Obsolete"
"2.82","LP402213-5","STATUS","ACTIVE","DEPRECATED","Obsolete"
"2.82","LP402222-6","STATUS","ACTIVE","DEPRECATED","Obsolete"
"2.82","LP402314-1","STATUS","ACTIVE","DEPRECATED","Obsolete"
"2.82","LP402325-7","STATUS","ACTIVE","DEPRECATED","Obsolete"
"2.82","LP402327-3","STATUS","ACTIVE","DEPRECATED","Obsolete"
"2.82","LP402529-4","STATUS","ACTIVE","DEPRECATED","Obsolete"
"2.82","LP404128-3","STATUS","ACTIVE","DEPRECATED","Obsolete"
"2.82","LP404216-6","STATUS","ACTIVE","DEPRECATED","Obsolete"
"2.82","LP404217-4","STATUS","ACTIVE","DEPRECATED","Obsolete"
"2.82","LP404218-2","STATUS","ACTIVE","DEPRECATED","Obsolete"
"2.82","LP40498-5","STATUS","ACTIVE","INACTIVE",""
"2.82","LP407479-7","STATUS","ACTIVE","DEPRECATED","Obsolete"
"2.82","LP411123-5","STATUS","ACTIVE","INACTIVE",""
"2.82","LP411858-6","STATUS","ACTIVE","INACTIVE",""
"2.82","LP416121-4","STATUS","ACTIVE","INACTIVE",""
"2.82","LP416438-2","STATUS","ACTIVE","INACTIVE",""
"2.82","LP416439-0","STATUS","ACTIVE","INACTIVE",""
"2.82","LP416440-8","STATUS","ACTIVE","INACTIVE",""
"2.82","LP416441-6","STATUS","ACTIVE","INACTIVE",""
"2.82","LP416442-4","STATUS","ACTIVE","INACTIVE",""
"2.82","LP416443-2","STATUS","ACTIVE","INACTIVE",""
"2.82","LP416444-0","STATUS","ACTIVE","INACTIVE",""
"2.82","LP416445-7","STATUS","ACTIVE","INACTIVE",""
"2.82","LP416446-5","STATUS","ACTIVE","INACTIVE",""
"2.82","LP416447-3","STATUS","ACTIVE","INACTIVE",""
"2.82","LP416474-7","STATUS","ACTIVE","INACTIVE",""
"2.82","LP416475-4","STATUS","ACTIVE","INACTIVE",""
"2.82","LP416476-2","STATUS","ACTIVE","INACTIVE",""
"2.82","LP416477-0","STATUS","ACTIVE","INACTIVE",""
"2.82","LP417633-7","STATUS","ACTIVE","INACTIVE",""
"2.82","LP417634-5","STATUS","ACTIVE","INACTIVE",""
"2.82","LP417635-2","STATUS","ACTIVE","INACTIVE",""
"2.82","LP417636-0","STATUS","ACTIVE","INACTIVE",""
"2.82","LP417637-8","STATUS","ACTIVE","INACTIVE",""
"2.82","LP417709-5","STATUS","ACTIVE","DEPRECATED","Obsolete"
"2.82","LP417953-9","STATUS","ACTIVE","INACTIVE",""
"2.82","LP417954-7","STATUS","ACTIVE","INACTIVE",""
"2.82","LP417955-4","STATUS","ACTIVE","INACTIVE",""
"2.82","LP418434-9","STATUS","ACTIVE","INACTIVE",""
"2.82","LP418956-1","STATUS","ACTIVE","INACTIVE",""
"2.82","LP418957-9","STATUS","ACTIVE","INACTIVE",""
"2.82","LP418958-7","STATUS","ACTIVE","INACTIVE",""
"2.82","LP418959-5","STATUS","ACTIVE","INACTIVE",""
"2.82","LP418960-3","STATUS","ACTIVE","INACTIVE",""
"2.82","LP418984-3","STATUS","ACTIVE","DEPRECATED","Obsolete"
"2.82","LP418985-0","STATUS","ACTIVE","DEPRECATED","Obsolete"
"2.82","LP418986-8","STATUS","ACTIVE","DEPRECATED","Obsolete"
"2.82","LP419903-2","STATUS","ACTIVE","INACTIVE",""
"2.82","LP420888-2","STATUS","ACTIVE","INACTIVE",""
"2.82","LP420967-4","STATUS","ACTIVE","INACTIVE",""
"2.82","LP420968-2","STATUS","ACTIVE","INACTIVE",""
"2.82","LP420969-0","STATUS","ACTIVE","INACTIVE",""
"2.82","LP420970-8","STATUS","ACTIVE","INACTIVE",""
"2.82","LP420971-6","STATUS","ACTIVE","INACTIVE",""
"2.82","LP420972-4","STATUS","ACTIVE","INACTIVE",""
"2.82","LP420973-2","STATUS","ACTIVE","INACTIVE",""
"2.82","LP420974-0","STATUS","ACTIVE","INACTIVE",""
"2.82","LP420975-7","STATUS","ACTIVE","INACTIVE",""
"2.82","LP420976-5","STATUS","ACTIVE","INACTIVE",""
"2.82","LP420977-3","STATUS","ACTIVE","INACTIVE",""
"2.82","LP420978-1","STATUS","ACTIVE","INACTIVE",""
"2.82","LP420986-4","STATUS","ACTIVE","INACTIVE",""
"2.82","LP420987-2","STATUS","ACTIVE","INACTIVE",""
"2.82","LP420989-8","STATUS","ACTIVE","INACTIVE",""
"2.82","LP421285-0","STATUS","ACTIVE","INACTIVE",""
"2.82","LP421286-8","STATUS","ACTIVE","INACTIVE",""
"2.82","LP421287-6","STATUS","ACTIVE","INACTIVE",""
"2.82","LP421288-4","STATUS","ACTIVE","INACTIVE",""
"2.82","LP421289-2","STATUS","ACTIVE","INACTIVE",""
"2.82","LP421290-0","STATUS","ACTIVE","INACTIVE",""
"2.82","LP421291-8","STATUS","ACTIVE","INACTIVE",""
"2.82","LP421340-3","STATUS","ACTIVE","INACTIVE",""
"2.82","LP421341-1","STATUS","ACTIVE","INACTIVE",""
"2.82","LP421436-9","STATUS","ACTIVE","INACTIVE",""
"2.82","LP421850-1","STATUS","ACTIVE","DEPRECATED","Obsolete"
"2.82","LP421851-9","STATUS","ACTIVE","DEPRECATED","Obsolete"
"2.82","LP421852-7","STATUS","ACTIVE","DEPRECATED","Obsolete"
"2.82","LP421853-5","STATUS","ACTIVE","DEPRECATED","Obsolete"
"2.82","LP421854-3","STATUS","ACTIVE","DEPRECATED","Obsolete"
"2.82","LP421855-0","STATUS","ACTIVE","DEPRECATED","Obsolete"
"2.82","LP421857-6","STATUS","ACTIVE","DEPRECATED","Obsolete"
"2.82","LP421858-4","STATUS","ACTIVE","DEPRECATED","Obsolete"
"2.82","LP421861-8","STATUS","ACTIVE","DEPRECATED","Obsolete"
"2.82","LP421862-6","STATUS","ACTIVE","DEPRECATED","Obsolete"
"2.82","LP421863-4","STATUS","ACTIVE","DEPRECATED","Obsolete"
"2.82","LP421864-2","STATUS","ACTIVE","DEPRECATED","Obsolete"
"2.82","LP421865-9","STATUS","ACTIVE","DEPRECATED","Obsolete"
"2.82","LP421866-7","STATUS","ACTIVE","DEPRECATED","Obsolete"
"2.82","LP421944-2","STATUS","ACTIVE","DEPRECATED","Obsolete"
"2.82","LP421967-3","STATUS","ACTIVE","DEPRECATED","Obsolete"
"2.82","LP421968-1","STATUS","ACTIVE","DEPRECATED","Obsolete"
"2.82","LP421969-9","STATUS","ACTIVE","DEPRECATED","Obsolete"
"2.82","LP422730-4","STATUS","ACTIVE","INACTIVE",""
"2.82","LP422731-2","STATUS","ACTIVE","INACTIVE",""
"2.82","LP422732-0","STATUS","ACTIVE","INACTIVE",""
"2.82","LP422741-1","STATUS","ACTIVE","INACTIVE",""
"2.82","LP422742-9","STATUS","ACTIVE","INACTIVE",""
"2.82","LP422744-5","STATUS","ACTIVE","INACTIVE",""
"2.82","LP422745-2","STATUS","ACTIVE","INACTIVE",""
"2.82","LP422747-8","STATUS","ACTIVE","INACTIVE",""
"2.82","LP422760-1","STATUS","ACTIVE","INACTIVE",""
"2.82","LP427301-9","STATUS","ACTIVE","INACTIVE",""
"2.82","LP427305-0","STATUS","ACTIVE","INACTIVE",""
"2.82","LP427306-8","STATUS","ACTIVE","INACTIVE",""
"2.82","LP427383-7","STATUS","ACTIVE","DEPRECATED","Obsolete"
"2.82","LP427471-0","STATUS","ACTIVE","DEPRECATED","Obsolete"
"2.82","LP427472-8","STATUS","ACTIVE","DEPRECATED","Obsolete"
"2.82","LP427475-1","STATUS","ACTIVE","DEPRECATED","Obsolete"
"2.82","LP427476-9","STATUS","ACTIVE","DEPRECATED","Obsolete"
"2.82","LP427477-7","STATUS","ACTIVE","DEPRECATED","Obsolete"
"2.82","LP427478-5","STATUS","ACTIVE","DEPRECATED","Obsolete"
"2.82","LP427479-3","STATUS","ACTIVE","DEPRECATED","Obsolete"
"2.82","LP427480-1","STATUS","ACTIVE","DEPRECATED","Obsolete"
"2.82","LP427540-2","STATUS","ACTIVE","DEPRECATED","Obsolete"
"2.82","LP428878-5","STATUS","ACTIVE","DEPRECATED","Obsolete"
"2.82","LP430026-7","STATUS","ACTIVE","INACTIVE",""
"2.82","LP430938-3","STATUS","ACTIVE","INACTIVE",""
"2.82","LP431561-2","STATUS","ACTIVE","DEPRECATED","Obsolete"
"2.82","LP431562-0","STATUS","ACTIVE","DEPRECATED","Obsolete"
"2.82","LP432411-9","STATUS","ACTIVE","INACTIVE",""
"2.82","LP432431-7","STATUS","ACTIVE","INACTIVE",""
"2.82","LP433370-6","STATUS","ACTIVE","DEPRECATED","Obsolete"
"2.82","LP433371-4","STATUS","ACTIVE","DEPRECATED","Obsolete"
"2.82","LP434764-9","STATUS","ACTIVE","INACTIVE",""
"2.82","LP434864-7","STATUS","ACTIVE","DEPRECATED","Obsolete"
"2.82","LP435495-9","STATUS","ACTIVE","DEPRECATED",""
"2.82","LP435510-5","STATUS","ACTIVE","INACTIVE",""
"2.82","LP435511-3","STATUS","ACTIVE","INACTIVE",""
"2.82","LP435596-4","STATUS","ACTIVE","INACTIVE",""
"2.82","LP435853-9","STATUS","ACTIVE","INACTIVE",""
"2.82","LP435968-5","STATUS","ACTIVE","DEPRECATED","Obsolete"
"2.82","LP436311-7","STATUS","ACTIVE","INACTIVE",""
"2.82","LP436314-1","STATUS","ACTIVE","INACTIVE",""
"2.82","LP436400-8","STATUS","ACTIVE","INACTIVE",""
"2.82","LP436401-6","STATUS","ACTIVE","INACTIVE",""
"2.82","LP436415-6","STATUS","ACTIVE","INACTIVE",""
"2.82","LP437053-4","STATUS","ACTIVE","INACTIVE",""
"2.82","LP437054-2","STATUS","ACTIVE","INACTIVE",""
"2.82","LP437055-9","STATUS","ACTIVE","INACTIVE",""
"2.82","LP437083-1","STATUS","ACTIVE","INACTIVE",""
"2.82","LP437112-8","STATUS","ACTIVE","DEPRECATED","Obsolete"
"2.82","LP437514-5","STATUS","ACTIVE","INACTIVE",""
"2.82","LP437696-0","STATUS","ACTIVE","INACTIVE",""
"2.82","LP437697-8","STATUS","ACTIVE","INACTIVE",""
"2.82","LP437730-7","STATUS","ACTIVE","INACTIVE",""
"2.82","LP440676-7","STATUS","ACTIVE","DEPRECATED","Obsolete"
"2.82","LP440852-4","STATUS","ACTIVE","DEPRECATED","Obsolete"
"2.82","LP441328-4","STATUS","ACTIVE","DEPRECATED","Obsolete"
"2.82","LP441656-8","STATUS","ACTIVE","INACTIVE",""
"2.82","LP441657-6","STATUS","ACTIVE","INACTIVE",""
"2.82","LP442030-5","STATUS","ACTIVE","INACTIVE",""
"2.82","LP442031-3","STATUS","ACTIVE","INACTIVE",""
"2.82","LP442033-9","STATUS","ACTIVE","INACTIVE",""
"2.82","LP443114-6","STATUS","ACTIVE","DEPRECATED","Obsolete"
"2.82","LP443221-9","STATUS","ACTIVE","INACTIVE",""
"2.82","LP443251-6","STATUS","ACTIVE","DEPRECATED","Obsolete"
"2.82","LP443401-7","STATUS","ACTIVE","INACTIVE",""
"2.82","LP445038-5","STATUS","ACTIVE","INACTIVE",""
"2.82","LP445153-2","STATUS","ACTIVE","INACTIVE",""
"2.82","LP445169-8","STATUS","ACTIVE","INACTIVE",""
"2.82","LP446151-5","STATUS","ACTIVE","DEPRECATED","Obsolete"
"2.82","LP446152-3","STATUS","ACTIVE","DEPRECATED","Obsolete"
"2.82","LP446349-5","STATUS","ACTIVE","DEPRECATED","Obsolete"
"2.82","LP446368-5","STATUS","ACTIVE","DEPRECATED","Obsolete"
"2.82","LP446649-8","STATUS","ACTIVE","INACTIVE",""
"2.82","LP446779-3","STATUS","ACTIVE","INACTIVE",""
"2.82","LP446780-1","STATUS","ACTIVE","INACTIVE",""
"2.82","LP446781-9","STATUS","ACTIVE","INACTIVE",""
"2.82","LP446782-7","STATUS","ACTIVE","INACTIVE",""
"2.82","LP448402-0","STATUS","ACTIVE","DEPRECATED","Obsolete"
"2.82","LP6189-7","STATUS","ACTIVE","INACTIVE",""
"2.82","LP62081-2","STATUS","ACTIVE","INACTIVE",""
"2.82","LP62262-8","STATUS","ACTIVE","INACTIVE",""
"2.82","LP62798-1","STATUS","ACTIVE","INACTIVE",""
"2.82","LP64445-7","STATUS","ACTIVE","INACTIVE",""
"2.82","LP64865-6","STATUS","ACTIVE","INACTIVE",""
"2.82","LP65345-8","STATUS","ACTIVE","INACTIVE",""
"2.82","LP65470-4","STATUS","ACTIVE","INACTIVE",""
"2.82","LP65867-1","STATUS","ACTIVE","INACTIVE",""
"2.82","LP65868-9","STATUS","ACTIVE","INACTIVE",""
"2.82","LP65869-7","STATUS","ACTIVE","INACTIVE",""
"2.82","LP65870-5","STATUS","ACTIVE","INACTIVE",""
"2.82","LP66391-1","STATUS","ACTIVE","INACTIVE",""
"2.82","LP66705-2","STATUS","ACTIVE","INACTIVE",""
"2.82","LP66772-2","STATUS","ACTIVE","INACTIVE",""
"2.82","LP68319-0","STATUS","ACTIVE","INACTIVE",""
"2.82","LP69234-0","STATUS","ACTIVE","INACTIVE",""
"2.82","LP69240-7","STATUS","ACTIVE","INACTIVE",""
"2.82","LP69277-9","STATUS","ACTIVE","INACTIVE",""
"2.82","LP69278-7","STATUS","ACTIVE","INACTIVE",""
"2.82","LP69279-5","STATUS","ACTIVE","INACTIVE",""
"2.82","LP69280-3","STATUS","ACTIVE","INACTIVE",""
"2.82","LP69281-1","STATUS","ACTIVE","INACTIVE",""
"2.82","LP69282-9","STATUS","ACTIVE","INACTIVE",""
"2.82","LP69283-7","STATUS","ACTIVE","INACTIVE",""
"2.82","LP69284-5","STATUS","ACTIVE","INACTIVE",""
"2.82","LP69287-8","STATUS","ACTIVE","INACTIVE",""
"2.82","LP69288-6","STATUS","ACTIVE","INACTIVE",""
"2.82","LP69289-4","STATUS","ACTIVE","INACTIVE",""
"2.82","LP69290-2","STATUS","ACTIVE","INACTIVE",""
"2.82","LP69292-8","STATUS","ACTIVE","INACTIVE",""
"2.82","LP69293-6","STATUS","ACTIVE","INACTIVE",""
"2.82","LP69294-4","STATUS","ACTIVE","INACTIVE",""
"2.82","LP69295-1","STATUS","ACTIVE","INACTIVE",""
"2.82","LP69300-9","STATUS","ACTIVE","INACTIVE",""
"2.82","LP69325-6","STATUS","ACTIVE","INACTIVE",""
"2.82","LP70545-6","STATUS","ACTIVE","INACTIVE",""
"2.82","LP70547-2","STATUS","ACTIVE","INACTIVE",""
"2.82","LP70548-0","STATUS","ACTIVE","INACTIVE",""
"2.82","LP70549-8","STATUS","ACTIVE","INACTIVE",""
"2.82","LP70550-6","STATUS","ACTIVE","INACTIVE",""
"2.82","LP70551-4","STATUS","ACTIVE","INACTIVE",""
"2.82","LP70552-2","STATUS","ACTIVE","INACTIVE",""
"2.82","LP70553-0","STATUS","ACTIVE","INACTIVE",""
"2.82","LP89273-4","STATUS","ACTIVE","INACTIVE",""
"2.82","LP94239-8","STATUS","ACTIVE","INACTIVE",""
"2.82","LP94537-5","STATUS","ACTIVE","INACTIVE",""
"2.82","LP94560-7","STATUS","ACTIVE","INACTIVE",""
"2.82","LP94834-6","STATUS","ACTIVE","INACTIVE",""
"2.82","LP94871-8","STATUS","ACTIVE","INACTIVE",""
"2.82","LP94872-6","STATUS","ACTIVE","INACTIVE",""
"2.82","LP95057-3","STATUS","ACTIVE","INACTIVE",""
"2.82","LP95058-1","STATUS","ACTIVE","INACTIVE",""
"2.82","LP95059-9","STATUS","ACTIVE","INACTIVE",""
"2.82","LP95060-7","STATUS","ACTIVE","INACTIVE",""
"2.82","LP95061-5","STATUS","ACTIVE","INACTIVE",""
"2.82","LP95179-5","STATUS","ACTIVE","INACTIVE",""
"2.82","LP95180-3","STATUS","ACTIVE","INACTIVE",""
"2.82","LP95181-1","STATUS","ACTIVE","INACTIVE",""
"2.82","LP95182-9","STATUS","ACTIVE","INACTIVE",""
"2.82","LP95183-7","STATUS","ACTIVE","INACTIVE",""
"2.82","LP95184-5","STATUS","ACTIVE","INACTIVE",""
"2.82","LP95185-2","STATUS","ACTIVE","INACTIVE",""
"2.82","LP95186-0","STATUS","ACTIVE","INACTIVE",""
"2.82","LP95221-5","STATUS","ACTIVE","INACTIVE",""
"2.82","LP95222-3","STATUS","ACTIVE","INACTIVE",""
"2.82","LP95250-4","STATUS","ACTIVE","INACTIVE",""
"2.82","LP99297-1","STATUS","ACTIVE","INACTIVE",""
